-29.94042969	-76.24902344	0.01225136
-28.94042969	-76.24902344	0.01050043
-27.94042969	-76.24902344	0.01400035
-26.94042969	-76.24902344	0.01050043
-25.94042969	-76.24902344	0.01650047
-24.94042969	-76.24902344	0.00650024
-23.94042969	-76.24902344	0.00450039
-22.94042969	-76.24902344	-0.10060082
-21.94042969	-76.24902344	-0.16149950
-20.94042969	-76.24902344	-0.14549971
-19.94042969	-76.24902344	-0.12349987
-18.94042969	-76.24902344	-0.10649967
-17.94042969	-76.24902344	-0.09049988
-16.94042969	-76.24902344	-0.07849979
-15.94042969	-76.24902344	-0.08549976
-14.94042969	-76.24902344	-0.09949970
-13.94042969	-76.24902344	-0.11449957
-12.94042969	-76.24902344	-0.13249969
-11.94042969	-76.24902344	-0.14849949
-10.94042969	-76.24902344	-0.15549994
-9.94042969	-76.24902344	0.03350019
-8.94042969	-76.24902344	0.02650023
-7.94042969	-76.24902344	0.03550005
-6.94042969	-76.24902344	0.04550028
-5.94042969	-76.24902344	0.08650017
-4.94042969	-76.24902344	0.07149833
-3.94042969	-76.24902344	0.08112079
-2.94042969	-76.24902344	0.08396633
-1.94042969	-76.24902344	0.08870804
-0.94042969	-76.24902344	0.09100287
0.05957031	-76.24902344	0.09355748
1.05957031	-76.24902344	0.09497437
2.05957031	-76.24902344	0.09637187
3.05957031	-76.24902344	0.09720160
4.05957031	-76.24902344	0.09791493
5.05957031	-76.24902344	0.09836528
6.05957031	-76.24902344	0.09871008
7.05957031	-76.24902344	0.09896225
8.05957031	-76.24902344	0.09912401
9.05957031	-76.24902344	0.09928114
10.05957031	-76.24902344	0.09931990
11.05957031	-76.24902344	0.09932235
12.05957031	-76.24902344	0.09915550
13.05957031	-76.24902344	0.09890640
14.05957031	-76.24902344	0.09842073
15.05957031	-76.24902344	0.09788289
16.05957031	-76.24902344	0.09647040
17.05957031	-76.24902344	0.09373804
18.05957031	-76.24902344	0.09209623
19.05957031	-76.24902344	0.08679856
20.05957031	-76.24902344	0.07516188
21.05957031	-76.24902344	0.07371513
22.05957031	-76.24902344	0.06485786
23.05957031	-76.24902344	0.06884498
24.05957031	-76.24902344	0.05860959
25.05957031	-76.24902344	0.02850008
26.05957031	-76.24902344	0.06243132
27.05957031	-76.24902344	0.05434363
28.05957031	-76.24902344	0.06150476
-29.94042969	-75.24902344	0.00558835
-28.94042969	-75.24902344	0.00450792
-27.94042969	-75.24902344	0.01707499
-26.94042969	-75.24902344	0.01050043
-25.94042969	-75.24902344	0.01650047
-24.94042969	-75.24902344	0.00650024
-23.94042969	-75.24902344	0.00450039
-22.94042969	-75.24902344	-0.09985014
-21.94042969	-75.24902344	-0.16149950
-20.94042969	-75.24902344	-0.14549971
-19.94042969	-75.24902344	-0.12349987
-18.94042969	-75.24902344	-0.10649967
-17.94042969	-75.24902344	-0.09049988
-16.94042969	-75.24902344	-0.07849979
-15.94042969	-75.24902344	-0.08549976
-14.94042969	-75.24902344	-0.09949970
-13.94042969	-75.24902344	-0.11449957
-12.94042969	-75.24902344	-0.13249969
-11.94042969	-75.24902344	-0.14849949
-10.94042969	-75.24902344	-0.15549994
-9.94042969	-75.24902344	0.03350019
-8.94042969	-75.24902344	0.02650023
-7.94042969	-75.24902344	0.03550005
-6.94042969	-75.24902344	0.04550028
-5.94042969	-75.24902344	0.08650017
-4.94042969	-75.24902344	0.05602860
-3.94042969	-75.24902344	0.05807891
-2.94042969	-75.24902344	0.06906707
-1.94042969	-75.24902344	0.06782294
-0.94042969	-75.24902344	0.07451680
0.05957031	-75.24902344	0.07537077
1.05957031	-75.24902344	0.07886419
2.05957031	-75.24902344	0.08013347
3.05957031	-75.24902344	0.08193413
4.05957031	-75.24902344	0.08287394
5.05957031	-75.24902344	0.08379700
6.05957031	-75.24902344	0.08436241
7.05957031	-75.24902344	0.08482876
8.05957031	-75.24902344	0.08513060
9.05957031	-75.24902344	0.08536432
10.05957031	-75.24902344	0.08551808
11.05957031	-75.24902344	0.08562348
12.05957031	-75.24902344	0.08567878
13.05957031	-75.24902344	0.08568178
14.05957031	-75.24902344	0.08561648
15.05957031	-75.24902344	0.08548342
16.05957031	-75.24902344	0.08521034
17.05957031	-75.24902344	0.08477471
18.05957031	-75.24902344	0.08420996
19.05957031	-75.24902344	0.08308202
20.05957031	-75.24902344	0.08163414
21.05957031	-75.24902344	0.07987149
22.05957031	-75.24902344	0.07671390
23.05957031	-75.24902344	0.07337498
24.05957031	-75.24902344	0.06983637
25.05957031	-75.24902344	0.02850008
26.05957031	-75.24902344	0.06841350
27.05957031	-75.24902344	0.06310814
28.05957031	-75.24902344	0.07730270
-29.94042969	-74.24902344	0.00100933
-28.94042969	-74.24902344	0.00056684
-27.94042969	-74.24902344	0.00873039
-26.94042969	-74.24902344	0.01050043
-25.94042969	-74.24902344	0.01650047
-24.94042969	-74.24902344	0.00650024
-23.94042969	-74.24902344	0.00450039
-22.94042969	-74.24902344	-0.10689071
-21.94042969	-74.24902344	-0.16149950
-20.94042969	-74.24902344	-0.14549971
-19.94042969	-74.24902344	-0.12349987
-18.94042969	-74.24902344	-0.10649967
-17.94042969	-74.24902344	-0.09049988
-16.94042969	-74.24902344	-0.07849979
-15.94042969	-74.24902344	-0.08549976
-14.94042969	-74.24902344	-0.09949970
-13.94042969	-74.24902344	-0.11449957
-12.94042969	-74.24902344	-0.13249969
-11.94042969	-74.24902344	-0.14849949
-10.94042969	-74.24902344	-0.15549994
-9.94042969	-74.24902344	0.03350019
-8.94042969	-74.24902344	0.02650023
-7.94042969	-74.24902344	0.03550005
-6.94042969	-74.24902344	0.04550028
-5.94042969	-74.24902344	0.08650017
-4.94042969	-74.24902344	0.06016624
-3.94042969	-74.24902344	0.06031902
-2.94042969	-74.24902344	0.06199646
-1.94042969	-74.24902344	0.06218034
-0.94042969	-74.24902344	0.06225878
0.05957031	-74.24902344	0.06235285
1.05957031	-74.24902344	0.06240396
2.05957031	-74.24902344	0.06245483
3.05957031	-74.24902344	0.06248632
4.05957031	-74.24902344	0.06251312
5.05957031	-74.24902344	0.06253056
6.05957031	-74.24902344	0.06254390
7.05957031	-74.24902344	0.06255287
8.05957031	-74.24902344	0.06255963
9.05957031	-74.24902344	0.06256436
10.05957031	-74.24902344	0.06256733
11.05957031	-74.24902344	0.06256864
12.05957031	-74.24902344	0.06256754
13.05957031	-74.24902344	0.06256362
14.05957031	-74.24902344	0.06255593
15.05957031	-74.24902344	0.06254262
16.05957031	-74.24902344	0.06251923
17.05957031	-74.24902344	0.06248590
18.05957031	-74.24902344	0.06243005
19.05957031	-74.24902344	0.06233240
20.05957031	-74.24902344	0.06221135
21.05957031	-74.24902344	0.06204718
22.05957031	-74.24902344	0.06182621
23.05957031	-74.24902344	0.06167232
24.05957031	-74.24902344	0.06142071
25.05957031	-74.24902344	0.06152255
26.05957031	-74.24902344	0.06155535
27.05957031	-74.24902344	0.06215141
28.05957031	-74.24902344	0.06192721
-29.94042969	-73.24902344	0.00171872
-28.94042969	-73.24902344	0.00570400
-27.94042969	-73.24902344	0.01145698
-26.94042969	-73.24902344	0.00250006
-25.94042969	-73.24902344	0.02350044
-24.94042969	-73.24902344	0.01050043
-23.94042969	-73.24902344	0.00450039
-22.94042969	-73.24902344	0.01250029
-21.94042969	-73.24902344	-0.16849995
-20.94042969	-73.24902344	-0.15049982
-19.94042969	-73.24902344	-0.11849976
-18.94042969	-73.24902344	-0.11349964
-17.94042969	-73.24902344	-0.09549952
-16.94042969	-73.24902344	-0.08449984
-15.94042969	-73.24902344	-0.08349991
-14.94042969	-73.24902344	-0.09849977
-13.94042969	-73.24902344	-0.10849953
-12.94042969	-73.24902344	-0.12549973
-11.94042969	-73.24902344	-0.14249992
-10.94042969	-73.24902344	-0.15349960
-9.94042969	-73.24902344	0.01950026
-8.94042969	-73.24902344	0.01850033
-7.94042969	-73.24902344	0.03150034
-6.94042969	-73.24902344	0.04450035
-5.94042969	-73.24902344	0.04850006
-4.94042969	-73.24902344	0.06939918
-3.94042969	-73.24902344	0.05687589
-2.94042969	-73.24902344	0.06701713
-1.94042969	-73.24902344	0.06329654
-0.94042969	-73.24902344	0.07219184
0.05957031	-73.24902344	0.07082009
1.05957031	-73.24902344	0.07469241
2.05957031	-73.24902344	0.07427947
3.05957031	-73.24902344	0.07571590
4.05957031	-73.24902344	0.07563352
5.05957031	-73.24902344	0.07672302
6.05957031	-73.24902344	0.07667564
7.05957031	-73.24902344	0.07553957
8.05957031	-73.24902344	0.07551914
9.05957031	-73.24902344	0.07473723
10.05957031	-73.24902344	0.07472477
11.05957031	-73.24902344	0.07436400
12.05957031	-73.24902344	0.07435598
13.05957031	-73.24902344	0.07420361
14.05957031	-73.24902344	0.07419654
15.05957031	-73.24902344	0.07413072
16.05957031	-73.24902344	0.07412108
17.05957031	-73.24902344	0.07408409
18.05957031	-73.24902344	0.07406531
19.05957031	-73.24902344	0.07403238
20.05957031	-73.24902344	0.07399830
21.05957031	-73.24902344	0.07396349
22.05957031	-73.24902344	0.07390997
23.05957031	-73.24902344	0.07389960
24.05957031	-73.24902344	0.07638963
25.05957031	-73.24902344	0.07719864
26.05957031	-73.24902344	0.07595147
27.05957031	-73.24902344	0.08121773
28.05957031	-73.24902344	0.08246233
-29.94042969	-72.24902344	-0.00049973
-28.94042969	-72.24902344	-0.00049973
-27.94042969	-72.24902344	-0.00049973
-26.94042969	-72.24902344	-0.00049973
-25.94042969	-72.24902344	0.00865683
-24.94042969	-72.24902344	0.01750040
-23.94042969	-72.24902344	0.00950050
-22.94042969	-72.24902344	-0.01249981
-21.94042969	-72.24902344	-0.10117220
-20.94042969	-72.24902344	-0.15349960
-19.94042969	-72.24902344	-0.13249969
-18.94042969	-72.24902344	-0.11449957
-17.94042969	-72.24902344	-0.09649992
-16.94042969	-72.24902344	-0.08249950
-15.94042969	-72.24902344	-0.07549953
-14.94042969	-72.24902344	-0.09349966
-13.94042969	-72.24902344	-0.10349989
-12.94042969	-72.24902344	-0.12049961
-11.94042969	-72.24902344	-0.14249992
-10.94042969	-72.24902344	-0.15349960
-9.94042969	-72.24902344	-0.13249969
-8.94042969	-72.24902344	0.01950026
-7.94042969	-72.24902344	0.03550005
-6.94042969	-72.24902344	0.04750013
-5.94042969	-72.24902344	0.04250050
-4.94042969	-72.24902344	0.06150007
-3.94042969	-72.24902344	0.06150007
-2.94042969	-72.24902344	0.06150007
-1.94042969	-72.24902344	0.06150007
-0.94042969	-72.24902344	0.06150007
0.05957031	-72.24902344	0.06150007
1.05957031	-72.24902344	0.06150007
2.05957031	-72.24902344	0.06150007
3.05957031	-72.24902344	0.06150007
4.05957031	-72.24902344	0.06150007
5.05957031	-72.24902344	0.06150007
6.05957031	-72.24902344	0.06150007
7.05957031	-72.24902344	0.06150007
8.05957031	-72.24902344	0.06150007
9.05957031	-72.24902344	0.06150007
10.05957031	-72.24902344	0.06150007
11.05957031	-72.24902344	0.06150007
12.05957031	-72.24902344	0.06150007
13.05957031	-72.24902344	0.06150007
14.05957031	-72.24902344	0.06150007
15.05957031	-72.24902344	0.06150007
16.05957031	-72.24902344	0.06150007
17.05957031	-72.24902344	0.06150007
18.05957031	-72.24902344	0.06150007
19.05957031	-72.24902344	0.06150007
20.05957031	-72.24902344	0.06150007
21.05957031	-72.24902344	0.06150007
22.05957031	-72.24902344	0.06150007
23.05957031	-72.24902344	0.06150007
24.05957031	-72.24902344	0.06150007
25.05957031	-72.24902344	0.06150007
26.05957031	-72.24902344	0.06150007
27.05957031	-72.24902344	0.06150007
28.05957031	-72.24902344	0.06150007
-29.94042969	-71.24902344	-0.00740705
-28.94042969	-71.24902344	-0.01006698
-27.94042969	-71.24902344	-0.00422348
-26.94042969	-71.24902344	0.00546956
-25.94042969	-71.24902344	0.02350044
-24.94042969	-71.24902344	0.01750040
-23.94042969	-71.24902344	0.00550032
-22.94042969	-71.24902344	-0.01460643
-21.94042969	-71.24902344	-0.11756756
-20.94042969	-71.24902344	-0.15749979
-19.94042969	-71.24902344	-0.13949966
-18.94042969	-71.24902344	-0.11649990
-17.94042969	-71.24902344	-0.09949970
-16.94042969	-71.24902344	-0.08549976
-15.94042969	-71.24902344	-0.07749987
-14.94042969	-71.24902344	-0.08849955
-13.94042969	-71.24902344	-0.09749985
-12.94042969	-71.24902344	-0.11849976
-11.94042969	-71.24902344	-0.13449955
-10.94042969	-71.24902344	-0.15149975
-9.94042969	-71.24902344	-0.16149950
-8.94042969	-71.24902344	0.03650045
-7.94042969	-71.24902344	0.02950048
-6.94042969	-71.24902344	0.04450035
-5.94042969	-71.24902344	0.04350042
-4.94042969	-71.24902344	0.08650017
-3.94042969	-71.24902344	0.07206760
-2.94042969	-71.24902344	0.08238767
-1.94042969	-71.24902344	0.08056017
-0.94042969	-71.24902344	0.08521640
0.05957031	-71.24902344	0.08485222
1.05957031	-71.24902344	0.08671783
2.05957031	-71.24902344	0.08666578
3.05957031	-71.24902344	0.08791324
4.05957031	-71.24902344	0.08792978
5.05957031	-71.24902344	0.08690560
6.05957031	-71.24902344	0.08690762
7.05957031	-71.24902344	0.08606020
8.05957031	-71.24902344	0.08602270
9.05957031	-71.24902344	0.08558281
10.05957031	-71.24902344	0.08556050
11.05957031	-71.24902344	0.08536982
12.05957031	-71.24902344	0.08535807
13.05957031	-71.24902344	0.08527813
14.05957031	-71.24902344	0.08526993
15.05957031	-71.24902344	0.08523324
16.05957031	-71.24902344	0.08522329
17.05957031	-71.24902344	0.08519875
18.05957031	-71.24902344	0.08518021
19.05957031	-71.24902344	0.08515103
20.05957031	-71.24902344	0.08512000
21.05957031	-71.24902344	0.08508707
22.05957031	-71.24902344	0.08505676
23.05957031	-71.24902344	0.08502906
24.05957031	-71.24902344	0.08635940
25.05957031	-71.24902344	0.08687603
26.05957031	-71.24902344	0.08644306
27.05957031	-71.24902344	0.08505861
28.05957031	-71.24902344	0.10513978
-29.94042969	-70.24902344	-0.01657513
-28.94042969	-70.24902344	-0.00624875
-27.94042969	-70.24902344	0.00601924
-26.94042969	-70.24902344	0.01866760
-25.94042969	-70.24902344	0.01350021
-24.94042969	-70.24902344	0.02050018
-23.94042969	-70.24902344	0.00750017
-22.94042969	-70.24902344	-0.00049973
-21.94042969	-70.24902344	-0.14420850
-20.94042969	-70.24902344	-0.16349983
-19.94042969	-70.24902344	-0.14349985
-18.94042969	-70.24902344	-0.12049961
-17.94042969	-70.24902344	-0.10249996
-16.94042969	-70.24902344	-0.08749962
-15.94042969	-70.24902344	-0.07049990
-14.94042969	-70.24902344	-0.08249950
-13.94042969	-70.24902344	-0.09549952
-12.94042969	-70.24902344	-0.11349964
-11.94042969	-70.24902344	-0.12049961
-10.94042969	-70.24902344	-0.14749956
-9.94042969	-70.24902344	-0.15149975
-8.94042969	-70.24902344	0.00950050
-7.94042969	-70.24902344	0.03250027
-6.94042969	-70.24902344	0.04150009
-5.94042969	-70.24902344	0.04950047
-4.94042969	-70.24902344	0.06750011
-3.94042969	-70.24902344	0.07798572
-2.94042969	-70.24902344	0.07772477
-1.94042969	-70.24902344	0.07692439
-0.94042969	-70.24902344	0.07745820
0.05957031	-70.24902344	0.07816269
1.05957031	-70.24902344	0.07848353
2.05957031	-70.24902344	0.07886015
3.05957031	-70.24902344	0.07947460
4.05957031	-70.24902344	0.07966049
5.05957031	-70.24902344	0.07858727
6.05957031	-70.24902344	0.07868892
7.05957031	-70.24902344	0.07843478
8.05957031	-70.24902344	0.07834685
9.05957031	-70.24902344	0.07824608
10.05957031	-70.24902344	0.07818343
11.05957031	-70.24902344	0.07814160
12.05957031	-70.24902344	0.07810977
13.05957031	-70.24902344	0.07809104
14.05957031	-70.24902344	0.07807429
15.05957031	-70.24902344	0.07806259
16.05957031	-70.24902344	0.07804919
17.05957031	-70.24902344	0.07803574
18.05957031	-70.24902344	0.07801745
19.05957031	-70.24902344	0.07799193
20.05957031	-70.24902344	0.07795886
21.05957031	-70.24902344	0.07792407
22.05957031	-70.24902344	0.07789208
23.05957031	-70.24902344	0.07786651
24.05957031	-70.24902344	0.07782542
25.05957031	-70.24902344	0.07791968
26.05957031	-70.24902344	0.07814848
27.05957031	-70.24902344	0.07558545
28.05957031	-70.24902344	0.07049549
-29.94042969	-69.24902344	-0.03349972
-28.94042969	-69.24902344	-0.03349972
-27.94042969	-69.24902344	-0.03349972
-26.94042969	-69.24902344	-0.03349972
-25.94042969	-69.24902344	0.01050043
-24.94042969	-69.24902344	0.02450037
-23.94042969	-69.24902344	0.00950050
-22.94042969	-69.24902344	-0.00994203
-21.94042969	-69.24902344	-0.01049995
-20.94042969	-69.24902344	-0.16349983
-19.94042969	-69.24902344	-0.12847332
-18.94042969	-69.24902344	-0.12549973
-17.94042969	-69.24902344	-0.10849953
-16.94042969	-69.24902344	-0.09049988
-15.94042969	-69.24902344	-0.07749987
-14.94042969	-69.24902344	-0.08349991
-13.94042969	-69.24902344	-0.09549952
-12.94042969	-69.24902344	-0.10849953
-11.94042969	-69.24902344	-0.12949991
-10.94042969	-69.24902344	-0.14049959
-9.94042969	-69.24902344	-0.15649986
-8.94042969	-69.24902344	0.02150011
-7.94042969	-69.24902344	0.03950024
-6.94042969	-69.24902344	0.04150009
-5.94042969	-69.24902344	0.05350018
-4.94042969	-69.24902344	0.04950047
-3.94042969	-69.24902344	0.06764277
-2.94042969	-69.24902344	0.09545035
-1.94042969	-69.24902344	0.09188041
-0.94042969	-69.24902344	0.09770333
0.05957031	-69.24902344	0.09713153
1.05957031	-69.24902344	0.09891527
2.05957031	-69.24902344	0.09881140
3.05957031	-69.24902344	0.10195118
4.05957031	-69.24902344	0.10197098
5.05957031	-69.24902344	0.09562478
6.05957031	-69.24902344	0.09563285
7.05957031	-69.24902344	0.09375202
8.05957031	-69.24902344	0.09374167
9.05957031	-69.24902344	0.09308316
10.05957031	-69.24902344	0.09307599
11.05957031	-69.24902344	0.09282932
12.05957031	-69.24902344	0.09282384
13.05957031	-69.24902344	0.09272579
14.05957031	-69.24902344	0.09271845
15.05957031	-69.24902344	0.09267183
16.05957031	-69.24902344	0.09265751
17.05957031	-69.24902344	0.09262223
18.05957031	-69.24902344	0.09258974
19.05957031	-69.24902344	0.09253860
20.05957031	-69.24902344	0.09248946
21.05957031	-69.24902344	0.09242382
22.05957031	-69.24902344	0.09240219
23.05957031	-69.24902344	0.09229670
24.05957031	-69.24902344	0.09309640
25.05957031	-69.24902344	0.09333318
26.05957031	-69.24902344	0.09371439
27.05957031	-69.24902344	0.10707529
28.05957031	-69.24902344	0.10807291
-29.94042969	-68.24902344	-0.02124969
-28.94042969	-68.24902344	-0.01413670
-27.94042969	-68.24902344	0.00383137
-26.94042969	-68.24902344	0.01372533
-25.94042969	-68.24902344	-0.01349974
-24.94042969	-68.24902344	0.02650023
-23.94042969	-68.24902344	-0.00023781
-22.94042969	-68.24902344	0.00850010
-21.94042969	-68.24902344	-0.00049973
-20.94042969	-68.24902344	-0.16149950
-19.94042969	-68.24902344	-0.14649963
-18.94042969	-68.24902344	-0.12849951
-17.94042969	-68.24902344	-0.11449957
-16.94042969	-68.24902344	-0.09449959
-15.94042969	-68.24902344	-0.08349991
-14.94042969	-68.24902344	-0.08249950
-13.94042969	-68.24902344	-0.09549952
-12.94042969	-68.24902344	-0.10549974
-11.94042969	-68.24902344	-0.12449980
-10.94042969	-68.24902344	-0.13749981
-9.94042969	-68.24902344	-0.15449953
-8.94042969	-68.24902344	-0.10278618
-7.94042969	-68.24902344	0.03350019
-6.94042969	-68.24902344	0.03950024
-5.94042969	-68.24902344	0.05050039
-4.94042969	-68.24902344	0.06750011
-3.94042969	-68.24902344	0.11557675
-2.94042969	-68.24902344	0.11419538
-1.94042969	-68.24902344	0.12950279
-0.94042969	-68.24902344	0.14611436
0.05957031	-68.24902344	0.15600178
1.05957031	-68.24902344	0.16786821
2.05957031	-68.24902344	0.17330252
3.05957031	-68.24902344	0.17922096
4.05957031	-68.24902344	0.18176456
5.05957031	-68.24902344	0.18456995
6.05957031	-68.24902344	0.18572732
7.05957031	-68.24902344	0.18697263
8.05957031	-68.24902344	0.18745932
9.05957031	-68.24902344	0.18798017
10.05957031	-68.24902344	0.18817401
11.05957031	-68.24902344	0.18838644
12.05957031	-68.24902344	0.18846017
13.05957031	-68.24902344	0.18854562
14.05957031	-68.24902344	0.18857273
15.05957031	-68.24902344	0.18860674
16.05957031	-68.24902344	0.18861644
17.05957031	-68.24902344	0.18863013
18.05957031	-68.24902344	0.18863396
19.05957031	-68.24902344	0.18864062
20.05957031	-68.24902344	0.18864381
21.05957031	-68.24902344	0.18864846
22.05957031	-68.24902344	0.18863529
23.05957031	-68.24902344	0.18864155
24.05957031	-68.24902344	0.19703511
25.05957031	-68.24902344	0.20000513
26.05957031	-68.24902344	0.19432479
27.05957031	-68.24902344	0.20440690
28.05957031	-68.24902344	0.20746216
-29.94042969	-67.24902344	-0.02749968
-28.94042969	-67.24902344	-0.02749968
-27.94042969	-67.24902344	-0.02749968
-26.94042969	-67.24902344	-0.02749968
-25.94042969	-67.24902344	-0.02749968
-24.94042969	-67.24902344	0.02250004
-23.94042969	-67.24902344	0.02350044
-22.94042969	-67.24902344	0.01350021
-21.94042969	-67.24902344	-0.09791009
-20.94042969	-67.24902344	-0.18249989
-19.94042969	-67.24902344	-0.15449953
-18.94042969	-67.24902344	-0.13249969
-17.94042969	-67.24902344	-0.11949968
-16.94042969	-67.24902344	-0.10049963
-15.94042969	-67.24902344	-0.08549976
-14.94042969	-67.24902344	-0.07849979
-13.94042969	-67.24902344	-0.09149981
-12.94042969	-67.24902344	-0.10349989
-11.94042969	-67.24902344	-0.11749983
-10.94042969	-67.24902344	-0.13649988
-9.94042969	-67.24902344	-0.15549994
-8.94042969	-67.24902344	-0.16349983
-7.94042969	-67.24902344	0.03450012
-6.94042969	-67.24902344	0.04150009
-5.94042969	-67.24902344	0.05050039
-4.94042969	-67.24902344	0.05050039
-3.94042969	-67.24902344	0.15650034
-2.94042969	-67.24902344	0.15650034
-1.94042969	-67.24902344	0.15650034
-0.94042969	-67.24902344	0.15650034
0.05957031	-67.24902344	0.15650034
1.05957031	-67.24902344	0.15650034
2.05957031	-67.24902344	0.15650034
3.05957031	-67.24902344	0.15650034
4.05957031	-67.24902344	0.15650034
5.05957031	-67.24902344	0.15650034
6.05957031	-67.24902344	0.15650034
7.05957031	-67.24902344	0.15650034
8.05957031	-67.24902344	0.15650034
9.05957031	-67.24902344	0.15650034
10.05957031	-67.24902344	0.15650034
11.05957031	-67.24902344	0.15650034
12.05957031	-67.24902344	0.15650034
13.05957031	-67.24902344	0.15650034
14.05957031	-67.24902344	0.15650034
15.05957031	-67.24902344	0.15650034
16.05957031	-67.24902344	0.15650034
17.05957031	-67.24902344	0.15650034
18.05957031	-67.24902344	0.15650034
19.05957031	-67.24902344	0.15650034
20.05957031	-67.24902344	0.15650034
21.05957031	-67.24902344	0.15650034
22.05957031	-67.24902344	0.15650034
23.05957031	-67.24902344	0.15650034
24.05957031	-67.24902344	0.15650034
25.05957031	-67.24902344	0.15650034
26.05957031	-67.24902344	0.15650034
27.05957031	-67.24902344	0.15650034
28.05957031	-67.24902344	0.15650034
-29.94042969	-66.24902344	-0.04949951
-28.94042969	-66.24902344	-0.04949951
-27.94042969	-66.24902344	-0.04949951
-26.94042969	-66.24902344	-0.04949951
-25.94042969	-66.24902344	-0.04949951
-24.94042969	-66.24902344	0.01050043
-23.94042969	-66.24902344	0.00540545
-22.94042969	-66.24902344	0.01550007
-21.94042969	-66.24902344	-0.00249958
-20.94042969	-66.24902344	-0.02049971
-19.94042969	-66.24902344	-0.15749979
-18.94042969	-66.24902344	-0.13549995
-17.94042969	-66.24902344	-0.11649990
-16.94042969	-66.24902344	-0.10049963
-15.94042969	-66.24902344	-0.08949995
-14.94042969	-66.24902344	-0.08049965
-13.94042969	-66.24902344	-0.09149981
-12.94042969	-66.24902344	-0.10249996
-11.94042969	-66.24902344	-0.11749983
-10.94042969	-66.24902344	-0.13049984
-9.94042969	-66.24902344	-0.15149975
-8.94042969	-66.24902344	-0.15949965
-7.94042969	-66.24902344	0.03450012
-6.94042969	-66.24902344	0.04550028
-5.94042969	-66.24902344	0.05250025
-4.94042969	-66.24902344	0.05550051
-3.94042969	-66.24902344	0.08350039
-2.94042969	-66.24902344	0.12860232
-1.94042969	-66.24902344	0.14850734
-0.94042969	-66.24902344	0.18473472
0.05957031	-66.24902344	0.23610629
1.05957031	-66.24902344	0.37925748
2.05957031	-66.24902344	0.43934855
3.05957031	-66.24902344	0.45534363
4.05957031	-66.24902344	0.46468599
5.05957031	-66.24902344	0.47134592
6.05957031	-66.24902344	0.47501174
7.05957031	-66.24902344	0.47928963
8.05957031	-66.24902344	0.33865034
9.05957031	-66.24902344	0.34152417
10.05957031	-66.24902344	0.29980133
11.05957031	-66.24902344	0.30117932
12.05957031	-66.24902344	0.26056271
13.05957031	-66.24902344	0.26061912
14.05957031	-66.24902344	0.26064892
15.05957031	-66.24902344	0.26066573
16.05957031	-66.24902344	0.26067525
17.05957031	-66.24902344	0.26068112
18.05957031	-66.24902344	0.26068489
19.05957031	-66.24902344	0.26068782
20.05957031	-66.24902344	0.26069050
21.05957031	-66.24902344	0.26069222
22.05957031	-66.24902344	0.26068805
23.05957031	-66.24902344	0.26113450
24.05957031	-66.24902344	0.26286963
25.05957031	-66.24902344	0.26408567
26.05957031	-66.24902344	0.26313660
27.05957031	-66.24902344	0.26601451
28.05957031	-66.24902344	0.30126543
-29.94042969	-65.24902344	-0.03873634
-28.94042969	-65.24902344	-0.03698093
-27.94042969	-65.24902344	-0.03224847
-26.94042969	-65.24902344	-0.02099717
-25.94042969	-65.24902344	-0.02198271
-24.94042969	-65.24902344	0.00350046
-23.94042969	-65.24902344	0.02250004
-22.94042969	-65.24902344	0.01350021
-21.94042969	-65.24902344	-0.01139044
-20.94042969	-65.24902344	-0.11496895
-19.94042969	-65.24902344	-0.15649986
-18.94042969	-65.24902344	-0.13649988
-17.94042969	-65.24902344	-0.12149954
-16.94042969	-65.24902344	-0.09449959
-15.94042969	-65.24902344	-0.09149981
-14.94042969	-65.24902344	-0.08349991
-13.94042969	-65.24902344	-0.08849955
-12.94042969	-65.24902344	-0.09849977
-11.94042969	-65.24902344	-0.11249971
-10.94042969	-65.24902344	-0.12149954
-9.94042969	-65.24902344	-0.14549971
-8.94042969	-65.24902344	-0.15649986
-7.94042969	-65.24902344	0.01250029
-6.94042969	-65.24902344	0.05350018
-5.94042969	-65.24902344	0.05650043
-4.94042969	-65.24902344	0.05850029
-3.94042969	-65.24902344	0.16750050
-2.94042969	-65.24902344	0.11380226
-1.94042969	-65.24902344	0.15722944
-0.94042969	-65.24902344	0.18601585
0.05957031	-65.24902344	0.20472424
1.05957031	-65.24902344	0.23462738
2.05957031	-65.24902344	0.26098898
3.05957031	-65.24902344	0.28221360
4.05957031	-65.24902344	0.29871778
5.05957031	-65.24902344	0.38604864
6.05957031	-65.24902344	0.41575787
7.05957031	-65.24902344	0.42475453
8.05957031	-65.24902344	0.42788255
9.05957031	-65.24902344	0.48739320
10.05957031	-65.24902344	0.40625513
11.05957031	-65.24902344	0.32510159
12.05957031	-65.24902344	0.32513082
13.05957031	-65.24902344	0.32514577
14.05957031	-65.24902344	0.32515418
15.05957031	-65.24902344	0.32515886
16.05957031	-65.24902344	0.32516185
17.05957031	-65.24902344	0.32516387
18.05957031	-65.24902344	0.32516556
19.05957031	-65.24902344	0.32516641
20.05957031	-65.24902344	0.32516103
21.05957031	-65.24902344	0.32538808
22.05957031	-65.24902344	0.32571070
23.05957031	-65.24902344	0.32596687
24.05957031	-65.24902344	0.32900293
25.05957031	-65.24902344	0.33046854
26.05957031	-65.24902344	0.33418317
27.05957031	-65.24902344	0.41369884
28.05957031	-65.24902344	0.54705491
-29.94042969	-64.24902344	-0.03780604
-28.94042969	-64.24902344	-0.03468860
-27.94042969	-64.24902344	-0.03607329
-26.94042969	-64.24902344	-0.02750311
-25.94042969	-64.24902344	0.01432423
-24.94042969	-64.24902344	-0.02749968
-23.94042969	-64.24902344	0.02950048
-22.94042969	-64.24902344	0.01650047
-21.94042969	-64.24902344	0.00050020
-20.94042969	-64.24902344	-0.01149988
-19.94042969	-64.24902344	-0.16249990
-18.94042969	-64.24902344	-0.14649963
-17.94042969	-64.24902344	-0.11949968
-16.94042969	-64.24902344	-0.10649967
-15.94042969	-64.24902344	-0.09549952
-14.94042969	-64.24902344	-0.08449984
-13.94042969	-64.24902344	-0.08449984
-12.94042969	-64.24902344	-0.09849977
-11.94042969	-64.24902344	-0.10749960
-10.94042969	-64.24902344	-0.12349987
-9.94042969	-64.24902344	-0.14249992
-8.94042969	-64.24902344	-0.15549994
-7.94042969	-64.24902344	0.01250029
-6.94042969	-64.24902344	0.04350042
-5.94042969	-64.24902344	0.05650043
-4.94042969	-64.24902344	0.06050014
-3.94042969	-64.24902344	0.09850025
-2.94042969	-64.24902344	0.17320377
-1.94042969	-64.24902344	0.20817223
-0.94042969	-64.24902344	0.23248292
0.05957031	-64.24902344	0.26094594
1.05957031	-64.24902344	0.34446279
2.05957031	-64.24902344	0.38157974
3.05957031	-64.24902344	0.39424143
4.05957031	-64.24902344	0.40240041
5.05957031	-64.24902344	0.42572527
6.05957031	-64.24902344	0.43426742
7.05957031	-64.24902344	0.43823331
8.05957031	-64.24902344	0.38628293
9.05957031	-64.24902344	0.35680241
10.05957031	-64.24902344	0.36252021
11.05957031	-64.24902344	0.31507103
12.05957031	-64.24902344	0.32246031
13.05957031	-64.24902344	0.32249907
14.05957031	-64.24902344	0.32251877
15.05957031	-64.24902344	0.32253118
16.05957031	-64.24902344	0.32253773
17.05957031	-64.24902344	0.32254235
18.05957031	-64.24902344	0.32254517
19.05957031	-64.24902344	0.32254775
20.05957031	-64.24902344	0.32255021
21.05957031	-64.24902344	0.32255183
22.05957031	-64.24902344	0.32254808
23.05957031	-64.24902344	0.32296516
24.05957031	-64.24902344	0.32438147
25.05957031	-64.24902344	0.32516078
26.05957031	-64.24902344	0.32441898
27.05957031	-64.24902344	0.31631511
28.05957031	-64.24902344	0.28013048
-29.94042969	-63.24902344	-0.03699868
-28.94042969	-63.24902344	-0.03598020
-27.94042969	-63.24902344	-0.03146271
-26.94042969	-63.24902344	-0.02021376
-25.94042969	-63.24902344	-0.02078405
-24.94042969	-63.24902344	-0.02449989
-23.94042969	-63.24902344	0.02250004
-22.94042969	-63.24902344	0.02150011
-21.94042969	-63.24902344	-0.01121424
-20.94042969	-63.24902344	-0.11399532
-19.94042969	-63.24902344	-0.17149973
-18.94042969	-63.24902344	-0.15249968
-17.94042969	-63.24902344	-0.13049984
-16.94042969	-63.24902344	-0.11549950
-15.94042969	-63.24902344	-0.09849977
-14.94042969	-63.24902344	-0.08749962
-13.94042969	-63.24902344	-0.07649994
-12.94042969	-63.24902344	-0.09349966
-11.94042969	-63.24902344	-0.10549974
-10.94042969	-63.24902344	-0.12249994
-9.94042969	-63.24902344	-0.14049959
-8.94042969	-63.24902344	-0.15549994
-7.94042969	-63.24902344	0.02650023
-6.94042969	-63.24902344	0.02850008
-5.94042969	-63.24902344	0.03950024
-4.94042969	-63.24902344	0.05650043
-3.94042969	-63.24902344	0.06250048
-2.94042969	-63.24902344	0.67950010
-1.94042969	-63.24902344	0.67950010
-0.94042969	-63.24902344	0.67950010
0.05957031	-63.24902344	0.67950010
1.05957031	-63.24902344	0.67950010
2.05957031	-63.24902344	0.67950010
3.05957031	-63.24902344	0.67950010
4.05957031	-63.24902344	0.67950010
5.05957031	-63.24902344	0.67950010
6.05957031	-63.24902344	0.67950010
7.05957031	-63.24902344	0.67950010
8.05957031	-63.24902344	0.67950010
9.05957031	-63.24902344	0.67950010
10.05957031	-63.24902344	0.67950010
11.05957031	-63.24902344	0.67950010
12.05957031	-63.24902344	0.67950010
13.05957031	-63.24902344	0.67950010
14.05957031	-63.24902344	0.67950010
15.05957031	-63.24902344	0.67950010
16.05957031	-63.24902344	0.67950010
17.05957031	-63.24902344	0.67950010
18.05957031	-63.24902344	0.67950010
19.05957031	-63.24902344	0.67950010
20.05957031	-63.24902344	0.67950010
21.05957031	-63.24902344	0.67950010
22.05957031	-63.24902344	0.67950010
23.05957031	-63.24902344	0.67950010
24.05957031	-63.24902344	0.67950010
25.05957031	-63.24902344	0.67950010
26.05957031	-63.24902344	0.67950010
27.05957031	-63.24902344	0.67950010
28.05957031	-63.24902344	0.67950010
-29.94042969	-62.24902344	-0.03549957
-28.94042969	-62.24902344	-0.03549957
-27.94042969	-62.24902344	-0.03549957
-26.94042969	-62.24902344	-0.03549957
-25.94042969	-62.24902344	-0.03549957
-24.94042969	-62.24902344	-0.03549957
-23.94042969	-62.24902344	0.02450037
-22.94042969	-62.24902344	0.02650023
-21.94042969	-62.24902344	0.00850010
-20.94042969	-62.24902344	-0.10168717
-19.94042969	-62.24902344	-0.11923613
-18.94042969	-62.24902344	-0.10885534
-17.94042969	-62.24902344	-0.13549995
-16.94042969	-62.24902344	-0.11749983
-15.94042969	-62.24902344	-0.10249996
-14.94042969	-62.24902344	-0.08549976
-13.94042969	-62.24902344	-0.06649971
-12.94042969	-62.24902344	-0.08749962
-11.94042969	-62.24902344	-0.09949970
-10.94042969	-62.24902344	-0.12049961
-9.94042969	-62.24902344	-0.13749981
-8.94042969	-62.24902344	-0.15449953
-7.94042969	-62.24902344	-0.16149950
-6.94042969	-62.24902344	0.02850008
-5.94042969	-62.24902344	0.04250050
-4.94042969	-62.24902344	0.05650043
-3.94042969	-62.24902344	0.06350040
-2.94042969	-62.24902344	0.36250019
-1.94042969	-62.24902344	0.36250019
-0.94042969	-62.24902344	0.36250019
0.05957031	-62.24902344	0.36250019
1.05957031	-62.24902344	0.36250019
2.05957031	-62.24902344	0.36250019
3.05957031	-62.24902344	0.36250019
4.05957031	-62.24902344	0.36250019
5.05957031	-62.24902344	0.36250019
6.05957031	-62.24902344	0.36250019
7.05957031	-62.24902344	0.36250019
8.05957031	-62.24902344	0.36250019
9.05957031	-62.24902344	0.36250019
10.05957031	-62.24902344	0.36250019
11.05957031	-62.24902344	0.36250019
12.05957031	-62.24902344	0.36250019
13.05957031	-62.24902344	0.36250019
14.05957031	-62.24902344	0.36250019
15.05957031	-62.24902344	0.36250019
16.05957031	-62.24902344	0.36250019
17.05957031	-62.24902344	0.36250019
18.05957031	-62.24902344	0.36250019
19.05957031	-62.24902344	0.36250019
20.05957031	-62.24902344	0.36250019
21.05957031	-62.24902344	0.36250019
22.05957031	-62.24902344	0.36250019
23.05957031	-62.24902344	0.36250019
24.05957031	-62.24902344	0.36250019
25.05957031	-62.24902344	0.36250019
26.05957031	-62.24902344	0.36250019
27.05957031	-62.24902344	0.36250019
28.05957031	-62.24902344	0.36250019
-29.94042969	-61.24902344	-0.03128951
-28.94042969	-61.24902344	-0.02102663
-27.94042969	-61.24902344	-0.01716294
-26.94042969	-61.24902344	-0.03212158
-25.94042969	-61.24902344	-0.02678928
-24.94042969	-61.24902344	0.01186916
-23.94042969	-61.24902344	0.02250004
-22.94042969	-61.24902344	0.01529393
-21.94042969	-61.24902344	0.01950026
-20.94042969	-61.24902344	-0.10374909
-19.94042969	-61.24902344	-0.10357161
-18.94042969	-61.24902344	-0.16049957
-17.94042969	-61.24902344	-0.13849974
-16.94042969	-61.24902344	-0.12049961
-15.94042969	-61.24902344	-0.10349989
-14.94042969	-61.24902344	-0.08949995
-13.94042969	-61.24902344	-0.07649994
-12.94042969	-61.24902344	-0.08349991
-11.94042969	-61.24902344	-0.09649992
-10.94042969	-61.24902344	-0.11749983
-9.94042969	-61.24902344	-0.12849951
-8.94042969	-61.24902344	-0.15349960
-7.94042969	-61.24902344	-0.16049957
-6.94042969	-61.24902344	0.01650047
-5.94042969	-61.24902344	0.03550005
-4.94042969	-61.24902344	0.04650021
-3.94042969	-61.24902344	0.06450033
-2.94042969	-61.24902344	0.27250004
-1.94042969	-61.24902344	0.24541763
-0.94042969	-61.24902344	0.26146803
0.05957031	-61.24902344	0.29842457
1.05957031	-61.24902344	0.32643734
2.05957031	-61.24902344	0.35106678
3.05957031	-61.24902344	0.37057436
4.05957031	-61.24902344	0.38857520
5.05957031	-61.24902344	0.40035845
6.05957031	-61.24902344	0.40971891
7.05957031	-61.24902344	0.41550830
8.05957031	-61.24902344	0.41984159
9.05957031	-61.24902344	0.42247234
10.05957031	-61.24902344	0.42438207
11.05957031	-61.24902344	0.42553528
12.05957031	-61.24902344	0.42635719
13.05957031	-61.24902344	0.42685332
14.05957031	-61.24902344	0.42720259
15.05957031	-61.24902344	0.42741375
16.05957031	-61.24902344	0.42756082
17.05957031	-61.24902344	0.42764970
18.05957031	-61.24902344	0.42770878
19.05957031	-61.24902344	0.42774230
20.05957031	-61.24902344	0.42776384
21.05957031	-61.24902344	0.42777261
22.05957031	-61.24902344	0.42777189
23.05957031	-61.24902344	0.42768993
24.05957031	-61.24902344	0.42759836
25.05957031	-61.24902344	0.42795791
26.05957031	-61.24902344	0.42488967
27.05957031	-61.24902344	0.41423183
28.05957031	-61.24902344	0.42387343
-29.94042969	-60.24902344	-0.04532597
-28.94042969	-60.24902344	-0.04471901
-27.94042969	-60.24902344	-0.04195019
-26.94042969	-60.24902344	-0.04161058
-25.94042969	-60.24902344	-0.03679737
-24.94042969	-60.24902344	0.00866669
-23.94042969	-60.24902344	0.01850033
-22.94042969	-60.24902344	0.02750015
-21.94042969	-60.24902344	0.02150011
-20.94042969	-60.24902344	0.02050018
-19.94042969	-60.24902344	-0.01449966
-18.94042969	-60.24902344	-0.16449976
-17.94042969	-60.24902344	-0.14649963
-16.94042969	-60.24902344	-0.12549973
-15.94042969	-60.24902344	-0.10949993
-14.94042969	-60.24902344	-0.09049988
-13.94042969	-60.24902344	-0.07649994
-12.94042969	-60.24902344	-0.08349991
-11.94042969	-60.24902344	-0.09249973
-10.94042969	-60.24902344	-0.11249971
-9.94042969	-60.24902344	-0.12949991
-8.94042969	-60.24902344	-0.14549971
-7.94042969	-60.24902344	-0.15749979
-6.94042969	-60.24902344	0.01750040
-5.94042969	-60.24902344	0.03850031
-4.94042969	-60.24902344	0.04950047
-3.94042969	-60.24902344	0.06250048
-2.94042969	-60.24902344	0.21750021
-1.94042969	-60.24902344	0.31340036
-0.94042969	-60.24902344	0.32319010
0.05957031	-60.24902344	0.40967503
1.05957031	-60.24902344	0.41529236
2.05957031	-60.24902344	0.43722798
3.05957031	-60.24902344	0.43795340
4.05957031	-60.24902344	0.43836591
5.05957031	-60.24902344	0.43863002
6.05957031	-60.24902344	0.43878273
7.05957031	-60.24902344	0.43888242
8.05957031	-60.24902344	0.43894108
9.05957031	-60.24902344	0.43898010
10.05957031	-60.24902344	0.43900350
11.05957031	-60.24902344	0.43901924
12.05957031	-60.24902344	0.43902880
13.05957031	-60.24902344	0.43903526
14.05957031	-60.24902344	0.43903922
15.05957031	-60.24902344	0.43904189
16.05957031	-60.24902344	0.43904354
17.05957031	-60.24902344	0.43904463
18.05957031	-60.24902344	0.43904527
19.05957031	-60.24902344	0.43904551
20.05957031	-60.24902344	0.43904443
21.05957031	-60.24902344	0.43904246
22.05957031	-60.24902344	0.43904044
23.05957031	-60.24902344	0.43903854
24.05957031	-60.24902344	0.43904949
25.05957031	-60.24902344	0.43903618
26.05957031	-60.24902344	0.43902643
27.05957031	-60.24902344	0.43885636
28.05957031	-60.24902344	0.43769831
-29.94042969	-59.24902344	-0.04649424
-28.94042969	-59.24902344	-0.03754852
-27.94042969	-59.24902344	-0.04641002
-26.94042969	-59.24902344	-0.03379949
-25.94042969	-59.24902344	-0.02872209
-24.94042969	-59.24902344	-0.03572122
-23.94042969	-59.24902344	-0.02349949
-22.94042969	-59.24902344	0.03250027
-21.94042969	-59.24902344	0.01850033
-20.94042969	-59.24902344	0.01250029
-19.94042969	-59.24902344	-0.00649977
-18.94042969	-59.24902344	-0.16549969
-17.94042969	-59.24902344	-0.15049982
-16.94042969	-59.24902344	-0.12449980
-15.94042969	-59.24902344	-0.11449957
-14.94042969	-59.24902344	-0.09349966
-13.94042969	-59.24902344	-0.08049965
-12.94042969	-59.24902344	-0.07749987
-11.94042969	-59.24902344	-0.09049988
-10.94042969	-59.24902344	-0.10449982
-9.94042969	-59.24902344	-0.12649965
-8.94042969	-59.24902344	-0.14549971
-7.94042969	-59.24902344	-0.15449953
-6.94042969	-59.24902344	0.00450039
-5.94042969	-59.24902344	0.02350044
-4.94042969	-59.24902344	0.04450035
-3.94042969	-59.24902344	0.06050014
-2.94042969	-59.24902344	0.07050037
-1.94042969	-59.24902344	0.11536933
-0.94042969	-59.24902344	0.34049388
0.05957031	-59.24902344	0.41424111
1.05957031	-59.24902344	0.43493282
2.05957031	-59.24902344	0.43587909
3.05957031	-59.24902344	0.43653470
4.05957031	-59.24902344	0.43705526
5.05957031	-59.24902344	0.43738836
6.05957031	-59.24902344	0.43763467
7.05957031	-59.24902344	0.43778756
8.05957031	-59.24902344	0.43789693
9.05957031	-59.24902344	0.43796412
10.05957031	-59.24902344	0.43801134
11.05957031	-59.24902344	0.43804027
12.05957031	-59.24902344	0.43806038
13.05957031	-59.24902344	0.43807269
14.05957031	-59.24902344	0.43808118
15.05957031	-59.24902344	0.43808639
16.05957031	-59.24902344	0.43808990
17.05957031	-59.24902344	0.43809233
18.05957031	-59.24902344	0.43809380
19.05957031	-59.24902344	0.43809224
20.05957031	-59.24902344	0.43809227
21.05957031	-59.24902344	0.43809484
22.05957031	-59.24902344	0.43806098
23.05957031	-59.24902344	0.43804407
24.05957031	-59.24902344	0.43800106
25.05957031	-59.24902344	0.43782705
26.05957031	-59.24902344	0.43778341
27.05957031	-59.24902344	0.43780079
28.05957031	-59.24902344	0.43119056
-29.94042969	-58.24902344	-0.04775574
-28.94042969	-58.24902344	-0.04751523
-27.94042969	-58.24902344	-0.03783014
-26.94042969	-58.24902344	-0.03829289
-25.94042969	-58.24902344	-0.03500712
-24.94042969	-58.24902344	0.01110046
-23.94042969	-58.24902344	-0.04149961
-22.94042969	-58.24902344	0.02850008
-21.94042969	-58.24902344	0.01950026
-20.94042969	-58.24902344	0.00450039
-19.94042969	-58.24902344	-0.01449966
-18.94042969	-58.24902344	-0.17649984
-17.94042969	-58.24902344	-0.15849972
-16.94042969	-58.24902344	-0.13449955
-15.94042969	-58.24902344	-0.11749983
-14.94042969	-58.24902344	-0.09749985
-13.94042969	-58.24902344	-0.08449984
-12.94042969	-58.24902344	-0.07449961
-11.94042969	-58.24902344	-0.09249973
-10.94042969	-58.24902344	-0.10249996
-9.94042969	-58.24902344	-0.12349987
-8.94042969	-58.24902344	-0.13849974
-7.94042969	-58.24902344	-0.15249968
-6.94042969	-58.24902344	-0.10549974
-5.94042969	-58.24902344	-0.01449966
-4.94042969	-58.24902344	0.02550030
-3.94042969	-58.24902344	0.05750036
-2.94042969	-58.24902344	0.06350040
-1.94042969	-58.24902344	0.43950033
-0.94042969	-58.24902344	0.43950033
0.05957031	-58.24902344	0.43950033
1.05957031	-58.24902344	0.43950033
2.05957031	-58.24902344	0.43950033
3.05957031	-58.24902344	0.43950033
4.05957031	-58.24902344	0.43950033
5.05957031	-58.24902344	0.43950033
6.05957031	-58.24902344	0.43950033
7.05957031	-58.24902344	0.43950033
8.05957031	-58.24902344	0.43950033
9.05957031	-58.24902344	0.43950033
10.05957031	-58.24902344	0.43950033
11.05957031	-58.24902344	0.43950033
12.05957031	-58.24902344	0.43950033
13.05957031	-58.24902344	0.43950033
14.05957031	-58.24902344	0.43950033
15.05957031	-58.24902344	0.43950033
16.05957031	-58.24902344	0.43950033
17.05957031	-58.24902344	0.43950033
18.05957031	-58.24902344	0.43950033
19.05957031	-58.24902344	0.43950033
20.05957031	-58.24902344	0.43950033
21.05957031	-58.24902344	0.43950033
22.05957031	-58.24902344	0.43950033
23.05957031	-58.24902344	0.43950033
24.05957031	-58.24902344	0.43950033
25.05957031	-58.24902344	0.43950033
26.05957031	-58.24902344	0.43950033
27.05957031	-58.24902344	0.43950033
28.05957031	-58.24902344	0.43950033
-29.94042969	-57.24902344	-0.05149984
-28.94042969	-57.24902344	-0.05149984
-27.94042969	-57.24902344	-0.05149984
-26.94042969	-57.24902344	-0.05149984
-25.94042969	-57.24902344	-0.05149984
-24.94042969	-57.24902344	-0.05149984
-23.94042969	-57.24902344	-0.05149984
-22.94042969	-57.24902344	0.02450037
-21.94042969	-57.24902344	0.02650023
-20.94042969	-57.24902344	-0.01120453
-19.94042969	-57.24902344	-0.12305127
-18.94042969	-57.24902344	-0.18149996
-17.94042969	-57.24902344	-0.15949965
-16.94042969	-57.24902344	-0.13649988
-15.94042969	-57.24902344	-0.11949968
-14.94042969	-57.24902344	-0.09949970
-13.94042969	-57.24902344	-0.08949995
-12.94042969	-57.24902344	-0.07349968
-11.94042969	-57.24902344	-0.08749962
-10.94042969	-57.24902344	-0.09649992
-9.94042969	-57.24902344	-0.11849976
-8.94042969	-57.24902344	-0.13549995
-7.94042969	-57.24902344	-0.15249968
-6.94042969	-57.24902344	-0.16149950
-5.94042969	-57.24902344	0.00669039
-4.94042969	-57.24902344	0.01650047
-3.94042969	-57.24902344	0.04950047
-2.94042969	-57.24902344	0.05650043
-1.94042969	-57.24902344	0.11150026
-0.94042969	-57.24902344	0.37914373
0.05957031	-57.24902344	0.41999894
1.05957031	-57.24902344	0.43404270
2.05957031	-57.24902344	0.43521881
3.05957031	-57.24902344	0.43595671
4.05957031	-57.24902344	0.43657067
5.05957031	-57.24902344	0.43694653
6.05957031	-57.24902344	0.43723150
7.05957031	-57.24902344	0.43740417
8.05957031	-57.24902344	0.43752972
9.05957031	-57.24902344	0.43760557
10.05957031	-57.24902344	0.43765952
11.05957031	-57.24902344	0.43769212
12.05957031	-57.24902344	0.43771500
13.05957031	-57.24902344	0.43772885
14.05957031	-57.24902344	0.43773849
15.05957031	-57.24902344	0.43774433
16.05957031	-57.24902344	0.43774834
17.05957031	-57.24902344	0.43775089
18.05957031	-57.24902344	0.43775247
19.05957031	-57.24902344	0.43775226
20.05957031	-57.24902344	0.43775202
21.05957031	-57.24902344	0.43774958
22.05957031	-57.24902344	0.43773240
23.05957031	-57.24902344	0.43772642
24.05957031	-57.24902344	0.43766529
25.05957031	-57.24902344	0.43757493
26.05957031	-57.24902344	0.43773225
27.05957031	-57.24902344	0.43618399
28.05957031	-57.24902344	0.43035904
-29.94042969	-56.24902344	-0.04676678
-28.94042969	-56.24902344	-0.04623457
-27.94042969	-56.24902344	-0.03281947
-26.94042969	-56.24902344	-0.03302018
-25.94042969	-56.24902344	-0.03733143
-24.94042969	-56.24902344	0.01537075
-23.94042969	-56.24902344	0.00146849
-22.94042969	-56.24902344	0.02550030
-21.94042969	-56.24902344	0.01950026
-20.94042969	-56.24902344	0.00050020
-19.94042969	-56.24902344	-0.00749969
-18.94042969	-56.24902344	-0.13231362
-17.94042969	-56.24902344	-0.16149950
-16.94042969	-56.24902344	-0.14149952
-15.94042969	-56.24902344	-0.12049961
-14.94042969	-56.24902344	-0.10249996
-13.94042969	-56.24902344	-0.08449984
-12.94042969	-56.24902344	-0.07549953
-11.94042969	-56.24902344	-0.08249950
-10.94042969	-56.24902344	-0.09649992
-9.94042969	-56.24902344	-0.11549950
-8.94042969	-56.24902344	-0.12249994
-7.94042969	-56.24902344	-0.14549971
-6.94042969	-56.24902344	-0.15649986
-5.94042969	-56.24902344	0.01450014
-4.94042969	-56.24902344	0.03750038
-3.94042969	-56.24902344	0.04150009
-2.94042969	-56.24902344	0.04850006
-1.94042969	-56.24902344	0.16750050
-0.94042969	-56.24902344	0.36034512
0.05957031	-56.24902344	0.40693314
1.05957031	-56.24902344	0.40825335
2.05957031	-56.24902344	0.42760909
3.05957031	-56.24902344	0.42818026
4.05957031	-56.24902344	0.42857375
5.05957031	-56.24902344	0.42887688
6.05957031	-56.24902344	0.42907224
7.05957031	-56.24902344	0.42922626
8.05957031	-56.24902344	0.42932185
9.05957031	-56.24902344	0.42939961
10.05957031	-56.24902344	0.42944621
11.05957031	-56.24902344	0.42948517
12.05957031	-56.24902344	0.42950782
13.05957031	-56.24902344	0.42952708
14.05957031	-56.24902344	0.42953800
15.05957031	-56.24902344	0.42954734
16.05957031	-56.24902344	0.42955255
17.05957031	-56.24902344	0.42955700
18.05957031	-56.24902344	0.42955939
19.05957031	-56.24902344	0.42956158
20.05957031	-56.24902344	0.42956271
21.05957031	-56.24902344	0.42956234
22.05957031	-56.24902344	0.42956401
23.05957031	-56.24902344	0.42956125
24.05957031	-56.24902344	0.42954814
25.05957031	-56.24902344	0.42951718
26.05957031	-56.24902344	0.42955015
27.05957031	-56.24902344	0.41722665
28.05957031	-56.24902344	0.41689275
-29.94042969	-55.24902344	-0.04463411
-28.94042969	-55.24902344	-0.03127552
-27.94042969	-55.24902344	-0.04436318
-26.94042969	-55.24902344	-0.03064518
-25.94042969	-55.24902344	-0.03045382
-24.94042969	-55.24902344	-0.03017903
-23.94042969	-55.24902344	-0.00858125
-22.94042969	-55.24902344	-0.01449966
-21.94042969	-55.24902344	0.01350021
-20.94042969	-55.24902344	0.00150013
-19.94042969	-55.24902344	-0.01349974
-18.94042969	-55.24902344	-0.02349949
-17.94042969	-55.24902344	-0.16349983
-16.94042969	-55.24902344	-0.14349985
-15.94042969	-55.24902344	-0.12049961
-14.94042969	-55.24902344	-0.10549974
-13.94042969	-55.24902344	-0.08849955
-12.94042969	-55.24902344	-0.07349968
-11.94042969	-55.24902344	-0.07649994
-10.94042969	-55.24902344	-0.09349966
-9.94042969	-55.24902344	-0.10549974
-8.94042969	-55.24902344	-0.12549973
-7.94042969	-55.24902344	-0.14349985
-6.94042969	-55.24902344	-0.15449953
-5.94042969	-55.24902344	0.00250006
-4.94042969	-55.24902344	0.02250004
-3.94042969	-55.24902344	0.03650045
-2.94042969	-55.24902344	0.04350042
-1.94042969	-55.24902344	0.13150024
-0.94042969	-55.24902344	0.10416503
0.05957031	-55.24902344	0.10669526
1.05957031	-55.24902344	0.11316108
2.05957031	-55.24902344	0.11371661
3.05957031	-55.24902344	0.11406554
4.05957031	-55.24902344	0.11429705
5.05957031	-55.24902344	0.11444449
6.05957031	-55.24902344	0.11454774
7.05957031	-55.24902344	0.11461321
8.05957031	-55.24902344	0.11466046
9.05957031	-55.24902344	0.11469009
10.05957031	-55.24902344	0.11471203
11.05957031	-55.24902344	0.11472559
12.05957031	-55.24902344	0.11473581
13.05957031	-55.24902344	0.11474204
14.05957031	-55.24902344	0.11474679
15.05957031	-55.24902344	0.11474964
16.05957031	-55.24902344	0.11475182
17.05957031	-55.24902344	0.11475311
18.05957031	-55.24902344	0.11475425
19.05957031	-55.24902344	0.11475517
20.05957031	-55.24902344	0.11475565
21.05957031	-55.24902344	0.11475735
22.05957031	-55.24902344	0.11475833
23.05957031	-55.24902344	0.11475077
24.05957031	-55.24902344	0.11472801
25.05957031	-55.24902344	0.11469889
26.05957031	-55.24902344	0.11451697
27.05957031	-55.24902344	0.12112899
28.05957031	-55.24902344	0.11544068
-29.94042969	-54.24902344	-0.04738117
-28.94042969	-54.24902344	-0.04730168
-27.94042969	-54.24902344	-0.04874613
-26.94042969	-54.24902344	-0.04874432
-25.94042969	-54.24902344	-0.04874314
-24.94042969	-54.24902344	-0.04875803
-23.94042969	-54.24902344	-0.01255938
-22.94042969	-54.24902344	-0.05149984
-21.94042969	-54.24902344	0.00850010
-20.94042969	-54.24902344	-0.01201466
-19.94042969	-54.24902344	-0.02002433
-18.94042969	-54.24902344	-0.02749968
-17.94042969	-54.24902344	-0.16749954
-16.94042969	-54.24902344	-0.14849949
-15.94042969	-54.24902344	-0.11649990
-14.94042969	-54.24902344	-0.10649967
-13.94042969	-54.24902344	-0.08849955
-12.94042969	-54.24902344	-0.07949972
-11.94042969	-54.24902344	-0.07049990
-10.94042969	-54.24902344	-0.08649969
-9.94042969	-54.24902344	-0.09949970
-8.94042969	-54.24902344	-0.11949968
-7.94042969	-54.24902344	-0.14149952
-6.94042969	-54.24902344	-0.15549994
-5.94042969	-54.24902344	-0.02921954
-4.94042969	-54.24902344	0.02550030
-3.94042969	-54.24902344	0.03650045
-2.94042969	-54.24902344	0.04250050
-1.94042969	-54.24902344	0.05950022
-0.94042969	-54.24902344	0.08863291
0.05957031	-54.24902344	0.07918949
1.05957031	-54.24902344	0.10069938
2.05957031	-54.24902344	0.09624276
3.05957031	-54.24902344	0.10617173
4.05957031	-54.24902344	0.10525025
5.05957031	-54.24902344	0.10947483
6.05957031	-54.24902344	0.10938179
7.05957031	-54.24902344	0.11116032
8.05957031	-54.24902344	0.11119809
9.05957031	-54.24902344	0.11194494
10.05957031	-54.24902344	0.11198471
11.05957031	-54.24902344	0.11229949
12.05957031	-54.24902344	0.11232496
13.05957031	-54.24902344	0.11245846
14.05957031	-54.24902344	0.11247285
15.05957031	-54.24902344	0.11252986
16.05957031	-54.24902344	0.11253777
17.05957031	-54.24902344	0.11256302
18.05957031	-54.24902344	0.11256898
19.05957031	-54.24902344	0.11258404
20.05957031	-54.24902344	0.11259180
21.05957031	-54.24902344	0.11260739
22.05957031	-54.24902344	0.11262609
23.05957031	-54.24902344	0.11267389
24.05957031	-54.24902344	0.11549675
25.05957031	-54.24902344	0.11682445
26.05957031	-54.24902344	0.11472975
27.05957031	-54.24902344	0.11332425
28.05957031	-54.24902344	0.11618561
-29.94042969	-53.24902344	-0.03049994
-28.94042969	-53.24902344	-0.03049994
-27.94042969	-53.24902344	-0.03049994
-26.94042969	-53.24902344	-0.03049994
-25.94042969	-53.24902344	-0.03049994
-24.94042969	-53.24902344	-0.03049994
-23.94042969	-53.24902344	-0.03049994
-22.94042969	-53.24902344	-0.03049994
-21.94042969	-53.24902344	0.00350046
-20.94042969	-53.24902344	-0.00749969
-19.94042969	-53.24902344	-0.01549959
-18.94042969	-53.24902344	-0.01249981
-17.94042969	-53.24902344	-0.17649984
-16.94042969	-53.24902344	-0.14649963
-15.94042969	-53.24902344	-0.12549973
-14.94042969	-53.24902344	-0.10649967
-13.94042969	-53.24902344	-0.09149981
-12.94042969	-53.24902344	-0.08249950
-11.94042969	-53.24902344	-0.06549978
-10.94042969	-53.24902344	-0.07949972
-9.94042969	-53.24902344	-0.08249950
-8.94042969	-53.24902344	-0.11149979
-7.94042969	-53.24902344	-0.13449955
-6.94042969	-53.24902344	-0.15049982
-5.94042969	-53.24902344	-0.15049982
-4.94042969	-53.24902344	0.01850033
-3.94042969	-53.24902344	0.02650023
-2.94042969	-53.24902344	0.03550005
-1.94042969	-53.24902344	0.03850031
-0.94042969	-53.24902344	0.11050034
0.05957031	-53.24902344	0.11050034
1.05957031	-53.24902344	0.11050034
2.05957031	-53.24902344	0.11050034
3.05957031	-53.24902344	0.11050034
4.05957031	-53.24902344	0.11050034
5.05957031	-53.24902344	0.11050034
6.05957031	-53.24902344	0.11050034
7.05957031	-53.24902344	0.11050034
8.05957031	-53.24902344	0.11050034
9.05957031	-53.24902344	0.11050034
10.05957031	-53.24902344	0.11050034
11.05957031	-53.24902344	0.11050034
12.05957031	-53.24902344	0.11050034
13.05957031	-53.24902344	0.11050034
14.05957031	-53.24902344	0.11050034
15.05957031	-53.24902344	0.11050034
16.05957031	-53.24902344	0.11050034
17.05957031	-53.24902344	0.11050034
18.05957031	-53.24902344	0.11050034
19.05957031	-53.24902344	0.11050034
20.05957031	-53.24902344	0.11050034
21.05957031	-53.24902344	0.11050034
22.05957031	-53.24902344	0.11050034
23.05957031	-53.24902344	0.11050034
24.05957031	-53.24902344	0.11050034
25.05957031	-53.24902344	0.11050034
26.05957031	-53.24902344	0.11050034
27.05957031	-53.24902344	0.11050034
28.05957031	-53.24902344	0.11050034
-29.94042969	-52.24902344	-0.04949951
-28.94042969	-52.24902344	-0.04949951
-27.94042969	-52.24902344	-0.04949951
-26.94042969	-52.24902344	-0.04949951
-25.94042969	-52.24902344	-0.04949951
-24.94042969	-52.24902344	-0.04949951
-23.94042969	-52.24902344	-0.04949951
-22.94042969	-52.24902344	-0.04949951
-21.94042969	-52.24902344	0.00550032
-20.94042969	-52.24902344	-0.00349951
-19.94042969	-52.24902344	-0.00749969
-18.94042969	-52.24902344	-0.01049995
-17.94042969	-52.24902344	-0.02749968
-16.94042969	-52.24902344	-0.14849949
-15.94042969	-52.24902344	-0.12949991
-14.94042969	-52.24902344	-0.11449957
-13.94042969	-52.24902344	-0.09549952
-12.94042969	-52.24902344	-0.08249950
-11.94042969	-52.24902344	-0.07249975
-10.94042969	-52.24902344	-0.08449984
-9.94042969	-52.24902344	-0.09549952
-8.94042969	-52.24902344	-0.11649990
-7.94042969	-52.24902344	-0.13549995
-6.94042969	-52.24902344	-0.15349960
-5.94042969	-52.24902344	-0.16049957
-4.94042969	-52.24902344	-0.03149986
-3.94042969	-52.24902344	0.02850008
-2.94042969	-52.24902344	0.03750038
-1.94042969	-52.24902344	0.03750038
-0.94042969	-52.24902344	0.07950020
0.05957031	-52.24902344	0.09106344
1.05957031	-52.24902344	0.10311506
2.05957031	-52.24902344	0.10211851
3.05957031	-52.24902344	0.10729797
4.05957031	-52.24902344	0.10721591
5.05957031	-52.24902344	0.10943605
6.05957031	-52.24902344	0.10952558
7.05957031	-52.24902344	0.11047166
8.05957031	-52.24902344	0.11054511
9.05957031	-52.24902344	0.11094724
10.05957031	-52.24902344	0.11098963
11.05957031	-52.24902344	0.11116061
12.05957031	-52.24902344	0.11118274
13.05957031	-52.24902344	0.11125564
14.05957031	-52.24902344	0.11126679
15.05957031	-52.24902344	0.11129803
16.05957031	-52.24902344	0.11130375
17.05957031	-52.24902344	0.11131780
18.05957031	-52.24902344	0.11132249
19.05957031	-52.24902344	0.11133252
20.05957031	-52.24902344	0.11134190
21.05957031	-52.24902344	0.11136105
22.05957031	-52.24902344	0.11138579
23.05957031	-52.24902344	0.11141319
24.05957031	-52.24902344	0.11291885
25.05957031	-52.24902344	0.11428467
26.05957031	-52.24902344	0.11329631
27.05957031	-52.24902344	0.11247649
28.05957031	-52.24902344	0.11407830
-29.94042969	-51.24902344	-0.04562176
-28.94042969	-51.24902344	-0.04535486
-27.94042969	-51.24902344	-0.04381688
-26.94042969	-51.24902344	-0.04053537
-25.94042969	-51.24902344	-0.03863521
-24.94042969	-51.24902344	-0.03367945
-23.94042969	-51.24902344	-0.01189430
-22.94042969	-51.24902344	-0.00088273
-21.94042969	-51.24902344	0.00050020
-20.94042969	-51.24902344	-0.00049973
-19.94042969	-51.24902344	-0.00749969
-18.94042969	-51.24902344	-0.01249981
-17.94042969	-51.24902344	-0.02649975
-16.94042969	-51.24902344	-0.15349960
-15.94042969	-51.24902344	-0.13149977
-14.94042969	-51.24902344	-0.11549950
-13.94042969	-51.24902344	-0.10349989
-12.94042969	-51.24902344	-0.08649969
-11.94042969	-51.24902344	-0.07249975
-10.94042969	-51.24902344	-0.08249950
-9.94042969	-51.24902344	-0.09349966
-8.94042969	-51.24902344	-0.11349964
-7.94042969	-51.24902344	-0.12549973
-6.94042969	-51.24902344	-0.14949989
-5.94042969	-51.24902344	-0.15849972
-4.94042969	-51.24902344	0.00950050
-3.94042969	-51.24902344	0.02650023
-2.94042969	-51.24902344	0.02350044
-1.94042969	-51.24902344	0.03350019
-0.94042969	-51.24902344	0.16050005
0.05957031	-51.24902344	0.09696025
1.05957031	-51.24902344	0.10394884
2.05957031	-51.24902344	0.10714039
3.05957031	-51.24902344	0.10839118
4.05957031	-51.24902344	0.10939994
5.05957031	-51.24902344	0.10995014
6.05957031	-51.24902344	0.11046069
7.05957031	-51.24902344	0.11074249
8.05957031	-51.24902344	0.11101337
9.05957031	-51.24902344	0.11115645
10.05957031	-51.24902344	0.11129257
11.05957031	-51.24902344	0.11135724
12.05957031	-51.24902344	0.11141890
13.05957031	-51.24902344	0.11144614
14.05957031	-51.24902344	0.11147273
15.05957031	-51.24902344	0.11148407
16.05957031	-51.24902344	0.11149546
17.05957031	-51.24902344	0.11150063
18.05957031	-51.24902344	0.11150641
19.05957031	-51.24902344	0.11151113
20.05957031	-51.24902344	0.11151832
21.05957031	-51.24902344	0.11153292
22.05957031	-51.24902344	0.11155091
23.05957031	-51.24902344	0.11155893
24.05957031	-51.24902344	0.11155862
25.05957031	-51.24902344	0.11207761
26.05957031	-51.24902344	0.11223552
27.05957031	-51.24902344	0.11524226
28.05957031	-51.24902344	0.11760413
-29.94042969	-50.24902344	-0.05138112
-28.94042969	-50.24902344	-0.05019922
-27.94042969	-50.24902344	-0.04860526
-26.94042969	-50.24902344	-0.04805591
-25.94042969	-50.24902344	-0.04721202
-24.94042969	-50.24902344	-0.04457902
-23.94042969	-50.24902344	-0.03442333
-22.94042969	-50.24902344	-0.00484166
-21.94042969	-50.24902344	-0.01649952
-20.94042969	-50.24902344	0.00050020
-19.94042969	-50.24902344	-0.01077843
-18.94042969	-50.24902344	-0.00249958
-17.94042969	-50.24902344	-0.00649977
-16.94042969	-50.24902344	-0.15449953
-15.94042969	-50.24902344	-0.13449955
-14.94042969	-50.24902344	-0.11449957
-13.94042969	-50.24902344	-0.10449982
-12.94042969	-50.24902344	-0.08549976
-11.94042969	-50.24902344	-0.07649994
-10.94042969	-50.24902344	-0.08149958
-9.94042969	-50.24902344	-0.09649992
-8.94042969	-50.24902344	-0.11449957
-7.94042969	-50.24902344	-0.13049984
-6.94042969	-50.24902344	-0.14849949
-5.94042969	-50.24902344	-0.15749979
-4.94042969	-50.24902344	0.00450039
-3.94042969	-50.24902344	0.02650023
-2.94042969	-50.24902344	0.02950048
-1.94042969	-50.24902344	0.03750038
-0.94042969	-50.24902344	0.10150051
0.05957031	-50.24902344	0.08232023
1.05957031	-50.24902344	0.09931155
2.05957031	-50.24902344	0.09981800
3.05957031	-50.24902344	0.10643997
4.05957031	-50.24902344	0.10650718
5.05957031	-50.24902344	0.10920180
6.05957031	-50.24902344	0.10927710
7.05957031	-50.24902344	0.11040781
8.05957031	-50.24902344	0.11046826
9.05957031	-50.24902344	0.11094871
10.05957031	-50.24902344	0.11098704
11.05957031	-50.24902344	0.11119263
12.05957031	-50.24902344	0.11121369
13.05957031	-50.24902344	0.11130171
14.05957031	-50.24902344	0.11131264
15.05957031	-50.24902344	0.11135041
16.05957031	-50.24902344	0.11135605
17.05957031	-50.24902344	0.11137288
18.05957031	-50.24902344	0.11137819
19.05957031	-50.24902344	0.11138833
20.05957031	-50.24902344	0.11140129
21.05957031	-50.24902344	0.11141733
22.05957031	-50.24902344	0.11143963
23.05957031	-50.24902344	0.11144592
24.05957031	-50.24902344	0.11227269
25.05957031	-50.24902344	0.11293672
26.05957031	-50.24902344	0.11389423
27.05957031	-50.24902344	0.11252298
28.05957031	-50.24902344	0.11382859
-29.94042969	-49.24902344	-0.04877281
-28.94042969	-49.24902344	-0.04881919
-27.94042969	-49.24902344	-0.04649679
-26.94042969	-49.24902344	-0.04489162
-25.94042969	-49.24902344	-0.04224048
-24.94042969	-49.24902344	-0.03517022
-23.94042969	-49.24902344	-0.00862911
-22.94042969	-49.24902344	-0.00762345
-21.94042969	-49.24902344	-0.03049994
-20.94042969	-49.24902344	0.00150013
-19.94042969	-49.24902344	0.00750017
-18.94042969	-49.24902344	0.00050020
-17.94042969	-49.24902344	0.00650024
-16.94042969	-49.24902344	-0.16249990
-15.94042969	-49.24902344	-0.14449978
-14.94042969	-49.24902344	-0.12449980
-13.94042969	-49.24902344	-0.11349964
-12.94042969	-49.24902344	-0.09549952
-11.94042969	-49.24902344	-0.08249950
-10.94042969	-49.24902344	-0.07449961
-9.94042969	-49.24902344	-0.08849955
-8.94042969	-49.24902344	-0.10449982
-7.94042969	-49.24902344	-0.12349987
-6.94042969	-49.24902344	-0.14049959
-5.94042969	-49.24902344	-0.15249968
-4.94042969	-49.24902344	0.00250006
-3.94042969	-49.24902344	0.02050018
-2.94042969	-49.24902344	0.02450037
-1.94042969	-49.24902344	0.03850031
-0.94042969	-49.24902344	0.04350042
0.05957031	-49.24902344	0.07060338
1.05957031	-49.24902344	0.07339712
2.05957031	-49.24902344	0.10051601
3.05957031	-49.24902344	0.09500880
4.05957031	-49.24902344	0.11091423
5.05957031	-49.24902344	0.11003398
6.05957031	-49.24902344	0.12735356
7.05957031	-49.24902344	0.13145725
8.05957031	-49.24902344	0.21546879
9.05957031	-49.24902344	0.21698397
10.05957031	-49.24902344	0.24401830
11.05957031	-49.24902344	0.24464285
12.05957031	-49.24902344	0.25193652
13.05957031	-49.24902344	0.25216998
14.05957031	-49.24902344	0.25415170
15.05957031	-49.24902344	0.25423228
16.05957031	-49.24902344	0.25477168
17.05957031	-49.24902344	0.25479842
18.05957031	-49.24902344	0.25494601
19.05957031	-49.24902344	0.25495604
20.05957031	-49.24902344	0.25499875
21.05957031	-49.24902344	0.25500499
22.05957031	-49.24902344	0.25502082
23.05957031	-49.24902344	0.25503866
24.05957031	-49.24902344	0.25860488
25.05957031	-49.24902344	0.26055642
26.05957031	-49.24902344	0.26403788
27.05957031	-49.24902344	0.37048818
28.05957031	-49.24902344	0.37781246
-29.94042969	-48.24902344	-0.06449986
-28.94042969	-48.24902344	-0.06449986
-27.94042969	-48.24902344	-0.06449986
-26.94042969	-48.24902344	-0.06449986
-25.94042969	-48.24902344	-0.06449986
-24.94042969	-48.24902344	-0.06449986
-23.94042969	-48.24902344	-0.06449986
-22.94042969	-48.24902344	-0.06449986
-21.94042969	-48.24902344	-0.06449986
-20.94042969	-48.24902344	-0.00649977
-19.94042969	-48.24902344	-0.00749969
-18.94042969	-48.24902344	-0.00649977
-17.94042969	-48.24902344	-0.12305749
-16.94042969	-48.24902344	-0.17649984
-15.94042969	-48.24902344	-0.13670532
-14.94042969	-48.24902344	-0.13349962
-13.94042969	-48.24902344	-0.12049961
-12.94042969	-48.24902344	-0.09949970
-11.94042969	-48.24902344	-0.09049988
-10.94042969	-48.24902344	-0.07449961
-9.94042969	-48.24902344	-0.09049988
-8.94042969	-48.24902344	-0.10249996
-7.94042969	-48.24902344	-0.12149954
-6.94042969	-48.24902344	-0.14249992
-5.94042969	-48.24902344	-0.15249968
-4.94042969	-48.24902344	-0.15149975
-3.94042969	-48.24902344	0.02250004
-2.94042969	-48.24902344	0.02450037
-1.94042969	-48.24902344	0.02950048
-0.94042969	-48.24902344	0.02950048
0.05957031	-48.24902344	0.10450029
1.05957031	-48.24902344	0.10450029
2.05957031	-48.24902344	0.10450029
3.05957031	-48.24902344	0.10450029
4.05957031	-48.24902344	0.10450029
5.05957031	-48.24902344	0.10450029
6.05957031	-48.24902344	0.10450029
7.05957031	-48.24902344	0.10450029
8.05957031	-48.24902344	0.10450029
9.05957031	-48.24902344	0.10450029
10.05957031	-48.24902344	0.10450029
11.05957031	-48.24902344	0.10450029
12.05957031	-48.24902344	0.10450029
13.05957031	-48.24902344	0.10450029
14.05957031	-48.24902344	0.10450029
15.05957031	-48.24902344	0.10450029
16.05957031	-48.24902344	0.10450029
17.05957031	-48.24902344	0.10450029
18.05957031	-48.24902344	0.10450029
19.05957031	-48.24902344	0.10450029
20.05957031	-48.24902344	0.10450029
21.05957031	-48.24902344	0.10450029
22.05957031	-48.24902344	0.10450029
23.05957031	-48.24902344	0.10450029
24.05957031	-48.24902344	0.10450029
25.05957031	-48.24902344	0.10450029
26.05957031	-48.24902344	0.10450029
27.05957031	-48.24902344	0.10450029
28.05957031	-48.24902344	0.10450029
-29.94042969	-47.24902344	-0.06567785
-28.94042969	-47.24902344	-0.06497567
-27.94042969	-47.24902344	-0.06484800
-26.94042969	-47.24902344	-0.06301641
-25.94042969	-47.24902344	-0.05708035
-24.94042969	-47.24902344	-0.05055724
-23.94042969	-47.24902344	-0.06086439
-22.94042969	-47.24902344	-0.04867120
-21.94042969	-47.24902344	-0.03648272
-20.94042969	-47.24902344	-0.01949978
-19.94042969	-47.24902344	-0.01349974
-18.94042969	-47.24902344	-0.01149988
-17.94042969	-47.24902344	-0.13306865
-16.94042969	-47.24902344	-0.02949953
-15.94042969	-47.24902344	-0.16349983
-14.94042969	-47.24902344	-0.14349985
-13.94042969	-47.24902344	-0.12749958
-12.94042969	-47.24902344	-0.11149979
-11.94042969	-47.24902344	-0.09449959
-10.94042969	-47.24902344	-0.08249950
-9.94042969	-47.24902344	-0.09049988
-8.94042969	-47.24902344	-0.10249996
-7.94042969	-47.24902344	-0.11849976
-6.94042969	-47.24902344	-0.13349962
-5.94042969	-47.24902344	-0.15349960
-4.94042969	-47.24902344	-0.16049957
-3.94042969	-47.24902344	0.01650047
-2.94042969	-47.24902344	0.02350044
-1.94042969	-47.24902344	0.02850008
-0.94042969	-47.24902344	0.02550030
0.05957031	-47.24902344	0.23950005
1.05957031	-47.24902344	0.13651315
2.05957031	-47.24902344	0.16662284
3.05957031	-47.24902344	0.18659162
4.05957031	-47.24902344	0.46475902
5.05957031	-47.24902344	0.47101326
6.05957031	-47.24902344	0.57801972
7.05957031	-47.24902344	0.58523073
8.05957031	-47.24902344	0.61976596
9.05957031	-47.24902344	0.59875280
10.05957031	-47.24902344	0.59943006
11.05957031	-47.24902344	0.53871854
12.05957031	-47.24902344	0.53912407
13.05957031	-47.24902344	0.36264677
14.05957031	-47.24902344	0.36293974
15.05957031	-47.24902344	0.36305943
16.05957031	-47.24902344	0.36313757
17.05957031	-47.24902344	0.36317017
18.05957031	-47.24902344	0.36319178
19.05957031	-47.24902344	0.36320141
20.05957031	-47.24902344	0.36320869
21.05957031	-47.24902344	0.36321330
22.05957031	-47.24902344	0.36321799
23.05957031	-47.24902344	0.36341727
24.05957031	-47.24902344	0.36389366
25.05957031	-47.24902344	0.36453547
26.05957031	-47.24902344	0.36870005
27.05957031	-47.24902344	0.38500453
28.05957031	-47.24902344	0.51342905
-29.94042969	-46.24902344	-0.06586953
-28.94042969	-46.24902344	-0.06633521
-27.94042969	-46.24902344	-0.06616541
-26.94042969	-46.24902344	-0.06540805
-25.94042969	-46.24902344	-0.06363262
-24.94042969	-46.24902344	-0.06071642
-23.94042969	-46.24902344	-0.05545035
-22.94042969	-46.24902344	-0.04593998
-21.94042969	-46.24902344	-0.04229064
-20.94042969	-46.24902344	-0.02949953
-19.94042969	-46.24902344	-0.01349974
-18.94042969	-46.24902344	-0.01449966
-17.94042969	-46.24902344	-0.02149963
-16.94042969	-46.24902344	-0.04249954
-15.94042969	-46.24902344	-0.17649984
-14.94042969	-46.24902344	-0.15749979
-13.94042969	-46.24902344	-0.13649988
-12.94042969	-46.24902344	-0.12149954
-11.94042969	-46.24902344	-0.10249996
-10.94042969	-46.24902344	-0.08549976
-9.94042969	-46.24902344	-0.08949995
-8.94042969	-46.24902344	-0.10049963
-7.94042969	-46.24902344	-0.11749983
-6.94042969	-46.24902344	-0.13549995
-5.94042969	-46.24902344	-0.15449953
-4.94042969	-46.24902344	-0.16349983
-3.94042969	-46.24902344	-0.03849983
-2.94042969	-46.24902344	0.01650047
-1.94042969	-46.24902344	0.01750040
-0.94042969	-46.24902344	0.02750015
0.05957031	-46.24902344	0.13350010
1.05957031	-46.24902344	0.11058754
2.05957031	-46.24902344	0.13414092
3.05957031	-46.24902344	0.18935285
4.05957031	-46.24902344	0.21377795
5.05957031	-46.24902344	0.49930778
6.05957031	-46.24902344	0.58619109
7.05957031	-46.24902344	0.61685635
8.05957031	-46.24902344	0.61721999
9.05957031	-46.24902344	0.61734181
10.05957031	-46.24902344	0.59038391
11.05957031	-46.24902344	0.51180724
12.05957031	-46.24902344	0.28282606
13.05957031	-46.24902344	0.28294428
14.05957031	-46.24902344	0.28301519
15.05957031	-46.24902344	0.28304580
16.05957031	-46.24902344	0.28306476
17.05957031	-46.24902344	0.28307313
18.05957031	-46.24902344	0.28307845
19.05957031	-46.24902344	0.28308104
20.05957031	-46.24902344	0.28308302
21.05957031	-46.24902344	0.28309332
22.05957031	-46.24902344	0.28310278
23.05957031	-46.24902344	0.28317700
24.05957031	-46.24902344	0.28347670
25.05957031	-46.24902344	0.28420369
26.05957031	-46.24902344	0.28325398
27.05957031	-46.24902344	0.29221624
28.05957031	-46.24902344	0.21886337
-29.94042969	-45.24902344	-0.06743221
-28.94042969	-45.24902344	-0.06714806
-27.94042969	-45.24902344	-0.06687288
-26.94042969	-45.24902344	-0.06564902
-25.94042969	-45.24902344	-0.06185442
-24.94042969	-45.24902344	-0.05743904
-23.94042969	-45.24902344	-0.06131643
-22.94042969	-45.24902344	-0.04767144
-21.94042969	-45.24902344	-0.03206231
-20.94042969	-45.24902344	-0.04249954
-19.94042969	-45.24902344	-0.02549982
-18.94042969	-45.24902344	-0.02949953
-17.94042969	-45.24902344	-0.15607471
-16.94042969	-45.24902344	-0.16783962
-15.94042969	-45.24902344	-0.18449974
-14.94042969	-45.24902344	-0.16549969
-13.94042969	-45.24902344	-0.13949966
-12.94042969	-45.24902344	-0.13149977
-11.94042969	-45.24902344	-0.10849953
-10.94042969	-45.24902344	-0.09149981
-9.94042969	-45.24902344	-0.08649969
-8.94042969	-45.24902344	-0.10049963
-7.94042969	-45.24902344	-0.11749983
-6.94042969	-45.24902344	-0.13449955
-5.94042969	-45.24902344	-0.15249968
-4.94042969	-45.24902344	-0.16549969
-3.94042969	-45.24902344	-0.00849962
-2.94042969	-45.24902344	0.01250029
-1.94042969	-45.24902344	0.02350044
-0.94042969	-45.24902344	0.02950048
0.05957031	-45.24902344	0.12550020
1.05957031	-45.24902344	0.63150024
2.05957031	-45.24902344	0.63150024
3.05957031	-45.24902344	0.63150024
4.05957031	-45.24902344	0.63150024
5.05957031	-45.24902344	0.63150024
6.05957031	-45.24902344	0.63150024
7.05957031	-45.24902344	0.63150024
8.05957031	-45.24902344	0.63150024
9.05957031	-45.24902344	0.63150024
10.05957031	-45.24902344	0.63150024
11.05957031	-45.24902344	0.63150024
12.05957031	-45.24902344	0.63150024
13.05957031	-45.24902344	0.63150024
14.05957031	-45.24902344	0.63150024
15.05957031	-45.24902344	0.63150024
16.05957031	-45.24902344	0.63150024
17.05957031	-45.24902344	0.63150024
18.05957031	-45.24902344	0.63150024
19.05957031	-45.24902344	0.63150024
20.05957031	-45.24902344	0.63150024
21.05957031	-45.24902344	0.63150024
22.05957031	-45.24902344	0.63150024
23.05957031	-45.24902344	0.63150024
24.05957031	-45.24902344	0.63150024
25.05957031	-45.24902344	0.63150024
26.05957031	-45.24902344	0.63150024
27.05957031	-45.24902344	0.63150024
28.05957031	-45.24902344	0.63150024
-29.94042969	-44.24902344	-0.06743207
-28.94042969	-44.24902344	-0.06751569
-27.94042969	-44.24902344	-0.06716991
-26.94042969	-44.24902344	-0.06648211
-25.94042969	-44.24902344	-0.06487702
-24.94042969	-44.24902344	-0.06218963
-23.94042969	-44.24902344	-0.05728106
-22.94042969	-44.24902344	-0.04805525
-21.94042969	-44.24902344	-0.03983634
-20.94042969	-44.24902344	-0.06749964
-19.94042969	-44.24902344	-0.04149961
-18.94042969	-44.24902344	-0.03849983
-17.94042969	-44.24902344	-0.07373682
-16.94042969	-44.24902344	-0.16450859
-15.94042969	-44.24902344	-0.16608422
-14.94042969	-44.24902344	-0.17249966
-13.94042969	-44.24902344	-0.15249968
-12.94042969	-44.24902344	-0.13849974
-11.94042969	-44.24902344	-0.11249971
-10.94042969	-44.24902344	-0.09749985
-9.94042969	-44.24902344	-0.08649969
-8.94042969	-44.24902344	-0.10349989
-7.94042969	-44.24902344	-0.11549950
-6.94042969	-44.24902344	-0.13549995
-5.94042969	-44.24902344	-0.15749979
-4.94042969	-44.24902344	-0.16849995
-3.94042969	-44.24902344	-0.03949976
-2.94042969	-44.24902344	0.00350046
-1.94042969	-44.24902344	0.01050043
-0.94042969	-44.24902344	0.03050041
0.05957031	-44.24902344	0.02850008
1.05957031	-44.24902344	0.25050020
2.05957031	-44.24902344	0.25050020
3.05957031	-44.24902344	0.25050020
4.05957031	-44.24902344	0.25050020
5.05957031	-44.24902344	0.25050020
6.05957031	-44.24902344	0.25050020
7.05957031	-44.24902344	0.25050020
8.05957031	-44.24902344	0.25050020
9.05957031	-44.24902344	0.25050020
10.05957031	-44.24902344	0.25050020
11.05957031	-44.24902344	0.25050020
12.05957031	-44.24902344	0.25050020
13.05957031	-44.24902344	0.25050020
14.05957031	-44.24902344	0.25050020
15.05957031	-44.24902344	0.25050020
16.05957031	-44.24902344	0.25050020
17.05957031	-44.24902344	0.25050020
18.05957031	-44.24902344	0.25050020
19.05957031	-44.24902344	0.25050020
20.05957031	-44.24902344	0.25050020
21.05957031	-44.24902344	0.25050020
22.05957031	-44.24902344	0.25050020
23.05957031	-44.24902344	0.25050020
24.05957031	-44.24902344	0.25050020
25.05957031	-44.24902344	0.25050020
26.05957031	-44.24902344	0.25050020
27.05957031	-44.24902344	0.25050020
28.05957031	-44.24902344	0.25050020
-29.94042969	-43.24902344	-0.07249975
-28.94042969	-43.24902344	-0.07249975
-27.94042969	-43.24902344	-0.07249975
-26.94042969	-43.24902344	-0.07249975
-25.94042969	-43.24902344	-0.07249975
-24.94042969	-43.24902344	-0.07249975
-23.94042969	-43.24902344	-0.07249975
-22.94042969	-43.24902344	-0.07249975
-21.94042969	-43.24902344	-0.07249975
-20.94042969	-43.24902344	-0.07249975
-19.94042969	-43.24902344	-0.04449987
-18.94042969	-43.24902344	-0.04749966
-17.94042969	-43.24902344	-0.04849958
-16.94042969	-43.24902344	-0.04749966
-15.94042969	-43.24902344	-0.20249987
-14.94042969	-43.24902344	-0.18449974
-13.94042969	-43.24902344	-0.16149950
-12.94042969	-43.24902344	-0.14149952
-11.94042969	-43.24902344	-0.12149954
-10.94042969	-43.24902344	-0.10349989
-9.94042969	-43.24902344	-0.08649969
-8.94042969	-43.24902344	-0.10449982
-7.94042969	-43.24902344	-0.11249971
-6.94042969	-43.24902344	-0.13149977
-5.94042969	-43.24902344	-0.15549994
-4.94042969	-43.24902344	-0.17449951
-3.94042969	-43.24902344	-0.17649984
-2.94042969	-43.24902344	-0.00749969
-1.94042969	-43.24902344	0.00750017
-0.94042969	-43.24902344	0.02050018
0.05957031	-43.24902344	0.03250027
1.05957031	-43.24902344	0.27950048
2.05957031	-43.24902344	0.70750046
3.05957031	-43.24902344	0.70750046
4.05957031	-43.24902344	0.70750046
5.05957031	-43.24902344	0.70750046
6.05957031	-43.24902344	0.70750046
7.05957031	-43.24902344	0.70750046
8.05957031	-43.24902344	0.70750046
9.05957031	-43.24902344	0.70750046
10.05957031	-43.24902344	0.70750046
11.05957031	-43.24902344	0.70750046
12.05957031	-43.24902344	0.70750046
13.05957031	-43.24902344	0.70750046
14.05957031	-43.24902344	0.70750046
15.05957031	-43.24902344	0.70750046
16.05957031	-43.24902344	0.70750046
17.05957031	-43.24902344	0.70750046
18.05957031	-43.24902344	0.70750046
19.05957031	-43.24902344	0.70750046
20.05957031	-43.24902344	0.70750046
21.05957031	-43.24902344	0.70750046
22.05957031	-43.24902344	0.70750046
23.05957031	-43.24902344	0.70750046
24.05957031	-43.24902344	0.70750046
25.05957031	-43.24902344	0.70750046
26.05957031	-43.24902344	0.70750046
27.05957031	-43.24902344	0.70750046
28.05957031	-43.24902344	0.70750046
-29.94042969	-42.24902344	-0.07505636
-28.94042969	-42.24902344	-0.07533142
-27.94042969	-42.24902344	-0.07268249
-26.94042969	-42.24902344	-0.07281938
-25.94042969	-42.24902344	-0.07189025
-24.94042969	-42.24902344	-0.07148856
-23.94042969	-42.24902344	-0.07055725
-22.94042969	-42.24902344	-0.07055997
-21.94042969	-42.24902344	-0.06545483
-20.94042969	-42.24902344	-0.04890752
-19.94042969	-42.24902344	-0.04449987
-18.94042969	-42.24902344	-0.04149961
-17.94042969	-42.24902344	-0.04549980
-16.94042969	-42.24902344	-0.15399878
-15.94042969	-42.24902344	-0.14736688
-14.94042969	-42.24902344	-0.19349957
-13.94042969	-42.24902344	-0.16949987
-12.94042969	-42.24902344	-0.14749956
-11.94042969	-42.24902344	-0.12749958
-10.94042969	-42.24902344	-0.11049986
-9.94042969	-42.24902344	-0.09549952
-8.94042969	-42.24902344	-0.10149956
-7.94042969	-42.24902344	-0.11149979
-6.94042969	-42.24902344	-0.13149977
-5.94042969	-42.24902344	-0.14349985
-4.94042969	-42.24902344	-0.16949987
-3.94042969	-42.24902344	-0.17649984
-2.94042969	-42.24902344	-0.00449991
-1.94042969	-42.24902344	0.00650024
-0.94042969	-42.24902344	0.01950026
0.05957031	-42.24902344	0.03250027
1.05957031	-42.24902344	0.14950037
2.05957031	-42.24902344	0.87350035
3.05957031	-42.24902344	0.87350035
4.05957031	-42.24902344	0.87350035
5.05957031	-42.24902344	0.87350035
6.05957031	-42.24902344	0.87350035
7.05957031	-42.24902344	0.87350035
8.05957031	-42.24902344	0.87350035
9.05957031	-42.24902344	0.87350035
10.05957031	-42.24902344	0.87350035
11.05957031	-42.24902344	0.87350035
12.05957031	-42.24902344	0.87350035
13.05957031	-42.24902344	0.87350035
14.05957031	-42.24902344	0.87350035
15.05957031	-42.24902344	0.87350035
16.05957031	-42.24902344	0.87350035
17.05957031	-42.24902344	0.87350035
18.05957031	-42.24902344	0.87350035
19.05957031	-42.24902344	0.87350035
20.05957031	-42.24902344	0.87350035
21.05957031	-42.24902344	0.87350035
22.05957031	-42.24902344	0.87350035
23.05957031	-42.24902344	0.87350035
24.05957031	-42.24902344	0.87350035
25.05957031	-42.24902344	0.87350035
26.05957031	-42.24902344	0.87350035
27.05957031	-42.24902344	0.87350035
28.05957031	-42.24902344	0.87350035
-29.94042969	-41.24902344	-0.07758497
-28.94042969	-41.24902344	-0.07779197
-27.94042969	-41.24902344	-0.07828279
-26.94042969	-41.24902344	-0.07827308
-25.94042969	-41.24902344	-0.07826337
-24.94042969	-41.24902344	-0.07823655
-23.94042969	-41.24902344	-0.07820449
-22.94042969	-41.24902344	-0.07807282
-21.94042969	-41.24902344	-0.07775237
-20.94042969	-41.24902344	-0.05890160
-19.94042969	-41.24902344	-0.04149961
-18.94042969	-41.24902344	-0.03749990
-17.94042969	-41.24902344	-0.04649973
-16.94042969	-41.24902344	-0.06049967
-15.94042969	-41.24902344	-0.06449986
-14.94042969	-41.24902344	-0.19949961
-13.94042969	-41.24902344	-0.17649984
-12.94042969	-41.24902344	-0.15349960
-11.94042969	-41.24902344	-0.13449955
-10.94042969	-41.24902344	-0.11549950
-9.94042969	-41.24902344	-0.09949970
-8.94042969	-41.24902344	-0.09849977
-7.94042969	-41.24902344	-0.11049986
-6.94042969	-41.24902344	-0.12649965
-5.94042969	-41.24902344	-0.14449978
-4.94042969	-41.24902344	-0.16449976
-3.94042969	-41.24902344	-0.17449951
-2.94042969	-41.24902344	-0.01649952
-1.94042969	-41.24902344	-0.00949955
-0.94042969	-41.24902344	0.01350021
0.05957031	-41.24902344	0.02350044
1.05957031	-41.24902344	0.00550032
2.05957031	-41.24902344	0.71150017
3.05957031	-41.24902344	0.71150017
4.05957031	-41.24902344	0.71150017
5.05957031	-41.24902344	0.71150017
6.05957031	-41.24902344	0.71150017
7.05957031	-41.24902344	0.71150017
8.05957031	-41.24902344	0.71150017
9.05957031	-41.24902344	0.71150017
10.05957031	-41.24902344	0.71150017
11.05957031	-41.24902344	0.71150017
12.05957031	-41.24902344	0.71150017
13.05957031	-41.24902344	0.71150017
14.05957031	-41.24902344	0.71150017
15.05957031	-41.24902344	0.71150017
16.05957031	-41.24902344	0.71150017
17.05957031	-41.24902344	0.71150017
18.05957031	-41.24902344	0.71150017
19.05957031	-41.24902344	0.71150017
20.05957031	-41.24902344	0.71150017
21.05957031	-41.24902344	0.71150017
22.05957031	-41.24902344	0.71150017
23.05957031	-41.24902344	0.71150017
24.05957031	-41.24902344	0.71150017
25.05957031	-41.24902344	0.71150017
26.05957031	-41.24902344	0.71150017
27.05957031	-41.24902344	0.71150017
28.05957031	-41.24902344	0.71150017
-29.94042969	-40.24902344	-0.06701257
-28.94042969	-40.24902344	-0.06722911
-27.94042969	-40.24902344	-0.06721535
-26.94042969	-40.24902344	-0.06721493
-25.94042969	-40.24902344	-0.07814268
-24.94042969	-40.24902344	-0.07812453
-23.94042969	-40.24902344	-0.07809188
-22.94042969	-40.24902344	-0.07804104
-21.94042969	-40.24902344	-0.07793010
-20.94042969	-40.24902344	-0.07734472
-19.94042969	-40.24902344	-0.06649971
-18.94042969	-40.24902344	-0.04349995
-17.94042969	-40.24902344	-0.04849958
-16.94042969	-40.24902344	-0.07583350
-15.94042969	-40.24902344	-0.06249952
-14.94042969	-40.24902344	-0.20749950
-13.94042969	-40.24902344	-0.18749952
-12.94042969	-40.24902344	-0.15649986
-11.94042969	-40.24902344	-0.14149952
-10.94042969	-40.24902344	-0.12049961
-9.94042969	-40.24902344	-0.10349989
-8.94042969	-40.24902344	-0.09349966
-7.94042969	-40.24902344	-0.10849953
-6.94042969	-40.24902344	-0.12449980
-5.94042969	-40.24902344	-0.14349985
-4.94042969	-40.24902344	-0.16449976
-3.94042969	-40.24902344	-0.17749977
-2.94042969	-40.24902344	-0.03449965
-1.94042969	-40.24902344	-0.03949976
-0.94042969	-40.24902344	0.00150013
0.05957031	-40.24902344	0.01250029
1.05957031	-40.24902344	0.02650023
2.05957031	-40.24902344	0.06322144
3.05957031	-40.24902344	0.13051392
4.05957031	-40.24902344	0.29126292
5.05957031	-40.24902344	0.34323666
6.05957031	-40.24902344	0.35805468
7.05957031	-40.24902344	0.35911078
8.05957031	-40.24902344	0.35998715
9.05957031	-40.24902344	0.36059058
10.05957031	-40.24902344	0.36146168
11.05957031	-40.24902344	0.36238550
12.05957031	-40.24902344	0.36352580
13.05957031	-40.24902344	0.36522470
14.05957031	-40.24902344	0.36561200
15.05957031	-40.24902344	0.36582411
16.05957031	-40.24902344	0.36598088
17.05957031	-40.24902344	0.36606678
18.05957031	-40.24902344	0.36613034
19.05957031	-40.24902344	0.36616430
20.05957031	-40.24902344	0.36619720
21.05957031	-40.24902344	0.36621931
22.05957031	-40.24902344	0.36622093
23.05957031	-40.24902344	0.36622496
24.05957031	-40.24902344	0.36619289
25.05957031	-40.24902344	0.36597697
26.05957031	-40.24902344	0.36638891
27.05957031	-40.24902344	0.36873368
28.05957031	-40.24902344	0.37014978
-29.94042969	-39.24902344	-0.07849979
-28.94042969	-39.24902344	-0.07849979
-27.94042969	-39.24902344	-0.07849979
-26.94042969	-39.24902344	-0.07849979
-25.94042969	-39.24902344	-0.07849979
-24.94042969	-39.24902344	-0.07849979
-23.94042969	-39.24902344	-0.07849979
-22.94042969	-39.24902344	-0.07849979
-21.94042969	-39.24902344	-0.07849979
-20.94042969	-39.24902344	-0.07849979
-19.94042969	-39.24902344	-0.07849979
-18.94042969	-39.24902344	-0.04949951
-17.94042969	-39.24902344	-0.05449963
-16.94042969	-39.24902344	-0.08693030
-15.94042969	-39.24902344	-0.16679045
-14.94042969	-39.24902344	-0.17196357
-13.94042969	-39.24902344	-0.19549990
-12.94042969	-39.24902344	-0.16849995
-11.94042969	-39.24902344	-0.15049982
-10.94042969	-39.24902344	-0.12549973
-9.94042969	-39.24902344	-0.10749960
-8.94042969	-39.24902344	-0.09349966
-7.94042969	-39.24902344	-0.10549974
-6.94042969	-39.24902344	-0.11749983
-5.94042969	-39.24902344	-0.13649988
-4.94042969	-39.24902344	-0.16049957
-3.94042969	-39.24902344	-0.17849970
-2.94042969	-39.24902344	-0.16949987
-1.94042969	-39.24902344	-0.00949955
-0.94042969	-39.24902344	-0.01249981
0.05957031	-39.24902344	0.00450039
1.05957031	-39.24902344	0.02050018
2.05957031	-39.24902344	0.36050034
3.05957031	-39.24902344	0.36050034
4.05957031	-39.24902344	0.36050034
5.05957031	-39.24902344	0.36050034
6.05957031	-39.24902344	0.36050034
7.05957031	-39.24902344	0.36050034
8.05957031	-39.24902344	0.36050034
9.05957031	-39.24902344	0.36050034
10.05957031	-39.24902344	0.36050034
11.05957031	-39.24902344	0.36050034
12.05957031	-39.24902344	0.36050034
13.05957031	-39.24902344	0.36050034
14.05957031	-39.24902344	0.36050034
15.05957031	-39.24902344	0.36050034
16.05957031	-39.24902344	0.36050034
17.05957031	-39.24902344	0.36050034
18.05957031	-39.24902344	0.36050034
19.05957031	-39.24902344	0.36050034
20.05957031	-39.24902344	0.36050034
21.05957031	-39.24902344	0.36050034
22.05957031	-39.24902344	0.36050034
23.05957031	-39.24902344	0.36050034
24.05957031	-39.24902344	0.36050034
25.05957031	-39.24902344	0.36050034
26.05957031	-39.24902344	0.36050034
27.05957031	-39.24902344	0.36050034
28.05957031	-39.24902344	0.36050034
-29.94042969	-38.24902344	-0.06149960
-28.94042969	-38.24902344	-0.06149960
-27.94042969	-38.24902344	-0.06149960
-26.94042969	-38.24902344	-0.06149960
-25.94042969	-38.24902344	-0.06149960
-24.94042969	-38.24902344	-0.06149960
-23.94042969	-38.24902344	-0.06149960
-22.94042969	-38.24902344	-0.06149960
-21.94042969	-38.24902344	-0.06149960
-20.94042969	-38.24902344	-0.06149960
-19.94042969	-38.24902344	-0.06149960
-18.94042969	-38.24902344	-0.05249977
-17.94042969	-38.24902344	-0.05049992
-16.94042969	-38.24902344	-0.05949974
-15.94042969	-38.24902344	-0.05349970
-14.94042969	-38.24902344	-0.10449982
-13.94042969	-38.24902344	-0.19649982
-12.94042969	-38.24902344	-0.17149973
-11.94042969	-38.24902344	-0.15149975
-10.94042969	-38.24902344	-0.12949991
-9.94042969	-38.24902344	-0.11049986
-8.94042969	-38.24902344	-0.09449959
-7.94042969	-38.24902344	-0.10249996
-6.94042969	-38.24902344	-0.11449957
-5.94042969	-38.24902344	-0.12949991
-4.94042969	-38.24902344	-0.14749956
-3.94042969	-38.24902344	-0.17249966
-2.94042969	-38.24902344	-0.18349981
-1.94042969	-38.24902344	-0.01449966
-0.94042969	-38.24902344	-0.00849962
0.05957031	-38.24902344	-0.00149965
1.05957031	-38.24902344	0.01850033
2.05957031	-38.24902344	0.50750017
3.05957031	-38.24902344	0.14683362
4.05957031	-38.24902344	0.32025398
5.05957031	-38.24902344	0.34805960
6.05957031	-38.24902344	0.35784198
7.05957031	-38.24902344	0.35887578
8.05957031	-38.24902344	0.35969375
9.05957031	-38.24902344	0.36027174
10.05957031	-38.24902344	0.36197867
11.05957031	-38.24902344	0.36279686
12.05957031	-38.24902344	0.36398404
13.05957031	-38.24902344	0.36491052
14.05957031	-38.24902344	0.36536247
15.05957031	-38.24902344	0.36557432
16.05957031	-38.24902344	0.36575344
17.05957031	-38.24902344	0.36584386
18.05957031	-38.24902344	0.36591577
19.05957031	-38.24902344	0.36595373
20.05957031	-38.24902344	0.36598769
21.05957031	-38.24902344	0.36600705
22.05957031	-38.24902344	0.36602540
23.05957031	-38.24902344	0.36604102
24.05957031	-38.24902344	0.36601963
25.05957031	-38.24902344	0.36591468
26.05957031	-38.24902344	0.36588612
27.05957031	-38.24902344	0.36355797
28.05957031	-38.24902344	0.36837211
-29.94042969	-37.24902344	-0.06320162
-28.94042969	-37.24902344	-0.06321098
-27.94042969	-37.24902344	-0.06698245
-26.94042969	-37.24902344	-0.07749958
-25.94042969	-37.24902344	-0.07746979
-24.94042969	-37.24902344	-0.07729672
-23.94042969	-37.24902344	-0.07673781
-22.94042969	-37.24902344	-0.07728140
-21.94042969	-37.24902344	-0.07746553
-20.94042969	-37.24902344	-0.06567290
-19.94042969	-37.24902344	-0.04766591
-18.94042969	-37.24902344	-0.04449987
-17.94042969	-37.24902344	-0.04555581
-16.94042969	-37.24902344	-0.05349970
-15.94042969	-37.24902344	-0.04549980
-14.94042969	-37.24902344	-0.06649971
-13.94042969	-37.24902344	-0.15435209
-12.94042969	-37.24902344	-0.17049980
-11.94042969	-37.24902344	-0.15249968
-10.94042969	-37.24902344	-0.12949991
-9.94042969	-37.24902344	-0.11149979
-8.94042969	-37.24902344	-0.09449959
-7.94042969	-37.24902344	-0.09549952
-6.94042969	-37.24902344	-0.10749960
-5.94042969	-37.24902344	-0.12449980
-4.94042969	-37.24902344	-0.13749981
-3.94042969	-37.24902344	-0.16849995
-2.94042969	-37.24902344	-0.17649984
-1.94042969	-37.24902344	-0.02249956
-0.94042969	-37.24902344	-0.00749969
0.05957031	-37.24902344	0.00350046
1.05957031	-37.24902344	0.01550007
2.05957031	-37.24902344	0.32750034
3.05957031	-37.24902344	0.16316750
4.05957031	-37.24902344	0.16911482
5.05957031	-37.24902344	0.18703289
6.05957031	-37.24902344	0.19036643
7.05957031	-37.24902344	0.16757450
8.05957031	-37.24902344	0.17183662
9.05957031	-37.24902344	0.17176358
10.05957031	-37.24902344	0.17466199
11.05957031	-37.24902344	0.17914709
12.05957031	-37.24902344	0.17700740
13.05957031	-37.24902344	0.17120323
14.05957031	-37.24902344	0.17111469
15.05957031	-37.24902344	0.16950875
16.05957031	-37.24902344	0.16966973
17.05957031	-37.24902344	0.16914318
18.05957031	-37.24902344	0.16928899
19.05957031	-37.24902344	0.16912925
20.05957031	-37.24902344	0.16924715
21.05957031	-37.24902344	0.16920842
22.05957031	-37.24902344	0.16932453
23.05957031	-37.24902344	0.16931071
24.05957031	-37.24902344	0.16899255
25.05957031	-37.24902344	0.16839164
26.05957031	-37.24902344	0.16962520
27.05957031	-37.24902344	0.26643207
28.05957031	-37.24902344	0.26790457
-29.94042969	-36.24902344	-0.05863427
-28.94042969	-36.24902344	-0.05862060
-27.94042969	-36.24902344	-0.05854278
-26.94042969	-36.24902344	-0.05853742
-25.94042969	-36.24902344	-0.05837866
-24.94042969	-36.24902344	-0.05836902
-23.94042969	-36.24902344	-0.05835618
-22.94042969	-36.24902344	-0.05835211
-21.94042969	-36.24902344	-0.05836943
-20.94042969	-36.24902344	-0.05845769
-19.94042969	-36.24902344	-0.04494258
-18.94042969	-36.24902344	-0.06849957
-17.94042969	-36.24902344	-0.05249977
-16.94042969	-36.24902344	-0.04849958
-15.94042969	-36.24902344	-0.04649973
-14.94042969	-36.24902344	-0.04849958
-13.94042969	-36.24902344	-0.19449949
-12.94042969	-36.24902344	-0.16849995
-11.94042969	-36.24902344	-0.14449978
-10.94042969	-36.24902344	-0.13049984
-9.94042969	-36.24902344	-0.11049986
-8.94042969	-36.24902344	-0.09449959
-7.94042969	-36.24902344	-0.08849955
-6.94042969	-36.24902344	-0.10149956
-5.94042969	-36.24902344	-0.11849976
-4.94042969	-36.24902344	-0.14049959
-3.94042969	-36.24902344	-0.16149950
-2.94042969	-36.24902344	-0.17349958
-1.94042969	-36.24902344	-0.01549959
-0.94042969	-36.24902344	-0.00249958
0.05957031	-36.24902344	0.00950050
1.05957031	-36.24902344	0.02350044
2.05957031	-36.24902344	0.05250025
3.05957031	-36.24902344	0.03354034
4.05957031	-36.24902344	0.03628798
5.05957031	-36.24902344	0.03778934
6.05957031	-36.24902344	0.03865399
7.05957031	-36.24902344	0.03895911
8.05957031	-36.24902344	0.03930237
9.05957031	-36.24902344	0.03943285
10.05957031	-36.24902344	0.03949078
11.05957031	-36.24902344	0.03954441
12.05957031	-36.24902344	0.03960842
13.05957031	-36.24902344	0.03962003
14.05957031	-36.24902344	0.03960439
15.05957031	-36.24902344	0.03960935
16.05957031	-36.24902344	0.03960445
17.05957031	-36.24902344	0.03960771
18.05957031	-36.24902344	0.03960720
19.05957031	-36.24902344	0.03961100
20.05957031	-36.24902344	0.03961471
21.05957031	-36.24902344	0.03962485
22.05957031	-36.24902344	0.03964094
23.05957031	-36.24902344	0.03965534
24.05957031	-36.24902344	0.03967003
25.05957031	-36.24902344	0.03966197
26.05957031	-36.24902344	0.03945096
27.05957031	-36.24902344	0.04798583
28.05957031	-36.24902344	0.04111531
-29.94042969	-35.24902344	-0.05630209
-28.94042969	-35.24902344	-0.05690882
-27.94042969	-35.24902344	-0.05318913
-26.94042969	-35.24902344	-0.05341129
-25.94042969	-35.24902344	-0.05276950
-24.94042969	-35.24902344	-0.05284781
-23.94042969	-35.24902344	-0.05284993
-22.94042969	-35.24902344	-0.04985817
-21.94042969	-35.24902344	-0.04741090
-20.94042969	-35.24902344	-0.04362291
-19.94042969	-35.24902344	-0.03155892
-18.94042969	-35.24902344	-0.06949949
-17.94042969	-35.24902344	-0.02915059
-16.94042969	-35.24902344	-0.03849983
-15.94042969	-35.24902344	-0.04249954
-14.94042969	-35.24902344	-0.04349995
-13.94042969	-35.24902344	-0.19349957
-12.94042969	-35.24902344	-0.17149973
-11.94042969	-35.24902344	-0.14549971
-10.94042969	-35.24902344	-0.12949991
-9.94042969	-35.24902344	-0.10849953
-8.94042969	-35.24902344	-0.09349966
-7.94042969	-35.24902344	-0.08249950
-6.94042969	-35.24902344	-0.09949970
-5.94042969	-35.24902344	-0.11349964
-4.94042969	-35.24902344	-0.13449955
-3.94042969	-35.24902344	-0.15349960
-2.94042969	-35.24902344	-0.16949987
-1.94042969	-35.24902344	-0.01049995
-0.94042969	-35.24902344	0.00250006
0.05957031	-35.24902344	0.00250006
1.05957031	-35.24902344	0.01350021
2.05957031	-35.24902344	0.03550005
3.05957031	-35.24902344	0.02877617
4.05957031	-35.24902344	0.03339988
5.05957031	-35.24902344	0.04235344
6.05957031	-35.24902344	0.04774933
7.05957031	-35.24902344	0.05431539
8.05957031	-35.24902344	0.06031594
9.05957031	-35.24902344	0.06330372
10.05957031	-35.24902344	0.06795808
11.05957031	-35.24902344	0.06906342
12.05957031	-35.24902344	0.07195256
13.05957031	-35.24902344	0.07228253
14.05957031	-35.24902344	0.07386432
15.05957031	-35.24902344	0.07394642
16.05957031	-35.24902344	0.07474891
17.05957031	-35.24902344	0.07476236
18.05957031	-35.24902344	0.07514999
19.05957031	-35.24902344	0.07514923
20.05957031	-35.24902344	0.07533159
21.05957031	-35.24902344	0.07532608
22.05957031	-35.24902344	0.07539631
23.05957031	-35.24902344	0.07540098
24.05957031	-35.24902344	0.08092257
25.05957031	-35.24902344	0.08335160
26.05957031	-35.24902344	0.08010734
27.05957031	-35.24902344	0.09943799
28.05957031	-35.24902344	0.10586350
-29.94042969	-34.24902344	-0.05849981
-28.94042969	-34.24902344	-0.05849981
-27.94042969	-34.24902344	-0.05849981
-26.94042969	-34.24902344	-0.05849981
-25.94042969	-34.24902344	-0.05849981
-24.94042969	-34.24902344	-0.05849981
-23.94042969	-34.24902344	-0.05849981
-22.94042969	-34.24902344	-0.05849981
-21.94042969	-34.24902344	-0.05849981
-20.94042969	-34.24902344	-0.05849981
-19.94042969	-34.24902344	-0.05849981
-18.94042969	-34.24902344	-0.05849981
-17.94042969	-34.24902344	-0.03749990
-16.94042969	-34.24902344	-0.02749968
-15.94042969	-34.24902344	-0.03249979
-14.94042969	-34.24902344	-0.12244301
-13.94042969	-34.24902344	-0.20249987
-12.94042969	-34.24902344	-0.13326126
-11.94042969	-34.24902344	-0.14249992
-10.94042969	-34.24902344	-0.12149954
-9.94042969	-34.24902344	-0.10549974
-8.94042969	-34.24902344	-0.09149981
-7.94042969	-34.24902344	-0.08249950
-6.94042969	-34.24902344	-0.09649992
-5.94042969	-34.24902344	-0.10549974
-4.94042969	-34.24902344	-0.12749958
-3.94042969	-34.24902344	-0.14449978
-2.94042969	-34.24902344	-0.16449976
-1.94042969	-34.24902344	-0.18149996
-0.94042969	-34.24902344	-0.00349951
0.05957031	-34.24902344	0.00550032
1.05957031	-34.24902344	0.00950050
2.05957031	-34.24902344	0.02450037
3.05957031	-34.24902344	0.03450012
4.05957031	-34.24902344	0.03450012
5.05957031	-34.24902344	0.03450012
6.05957031	-34.24902344	0.03450012
7.05957031	-34.24902344	0.03450012
8.05957031	-34.24902344	0.03450012
9.05957031	-34.24902344	0.03450012
10.05957031	-34.24902344	0.03450012
11.05957031	-34.24902344	0.03450012
12.05957031	-34.24902344	0.03450012
13.05957031	-34.24902344	0.03450012
14.05957031	-34.24902344	0.03450012
15.05957031	-34.24902344	0.03450012
16.05957031	-34.24902344	0.03450012
17.05957031	-34.24902344	0.03450012
18.05957031	-34.24902344	0.03450012
19.05957031	-34.24902344	0.03450012
20.05957031	-34.24902344	0.03450012
21.05957031	-34.24902344	0.03450012
22.05957031	-34.24902344	0.03450012
23.05957031	-34.24902344	0.03450012
24.05957031	-34.24902344	0.03450012
25.05957031	-34.24902344	0.03450012
26.05957031	-34.24902344	0.03450012
27.05957031	-34.24902344	0.03450012
28.05957031	-34.24902344	0.03450012
-29.94042969	-33.24902344	-0.04937995
-28.94042969	-33.24902344	-0.04783116
-27.94042969	-33.24902344	-0.04711686
-26.94042969	-33.24902344	-0.04715158
-25.94042969	-33.24902344	-0.04719547
-24.94042969	-33.24902344	-0.04734084
-23.94042969	-33.24902344	-0.04725345
-22.94042969	-33.24902344	-0.04679812
-21.94042969	-33.24902344	-0.04585970
-20.94042969	-33.24902344	-0.04342757
-19.94042969	-33.24902344	-0.03601775
-18.94042969	-33.24902344	-0.03492173
-17.94042969	-33.24902344	-0.02249956
-16.94042969	-33.24902344	-0.02249956
-15.94042969	-33.24902344	-0.02949953
-14.94042969	-33.24902344	-0.04249954
-13.94042969	-33.24902344	-0.13152375
-12.94042969	-33.24902344	-0.14611309
-11.94042969	-33.24902344	-0.14449978
-10.94042969	-33.24902344	-0.12249994
-9.94042969	-33.24902344	-0.09849977
-8.94042969	-33.24902344	-0.09049988
-7.94042969	-33.24902344	-0.08049965
-6.94042969	-33.24902344	-0.09049988
-5.94042969	-33.24902344	-0.10349989
-4.94042969	-33.24902344	-0.12449980
-3.94042969	-33.24902344	-0.14349985
-2.94042969	-33.24902344	-0.16149950
-1.94042969	-33.24902344	-0.16849995
-0.94042969	-33.24902344	-0.00149965
0.05957031	-33.24902344	0.00950050
1.05957031	-33.24902344	0.00650024
2.05957031	-33.24902344	0.01450014
3.05957031	-33.24902344	0.21850014
4.05957031	-33.24902344	0.07332878
5.05957031	-33.24902344	0.08009088
6.05957031	-33.24902344	0.09101384
7.05957031	-33.24902344	0.09418593
8.05957031	-33.24902344	0.10128863
9.05957031	-33.24902344	0.10256369
10.05957031	-33.24902344	0.10667635
11.05957031	-33.24902344	0.10712702
12.05957031	-33.24902344	0.10930090
13.05957031	-33.24902344	0.10943733
14.05957031	-33.24902344	0.11052013
15.05957031	-33.24902344	0.11055801
16.05957031	-33.24902344	0.11107504
17.05957031	-33.24902344	0.11108461
18.05957031	-33.24902344	0.11132441
19.05957031	-33.24902344	0.11132727
20.05957031	-33.24902344	0.11143769
21.05957031	-33.24902344	0.11143819
22.05957031	-33.24902344	0.11094758
23.05957031	-33.24902344	0.11068617
24.05957031	-33.24902344	0.11370924
25.05957031	-33.24902344	0.11234232
26.05957031	-33.24902344	0.11096208
27.05957031	-33.24902344	0.10842042
28.05957031	-33.24902344	0.17007640
-29.94042969	-32.24902344	-0.04515078
-28.94042969	-32.24902344	-0.04496521
-27.94042969	-32.24902344	-0.04561793
-26.94042969	-32.24902344	-0.04567812
-25.94042969	-32.24902344	-0.04583619
-24.94042969	-32.24902344	-0.04579656
-23.94042969	-32.24902344	-0.04532974
-22.94042969	-32.24902344	-0.04368807
-21.94042969	-32.24902344	-0.04264437
-20.94042969	-32.24902344	-0.03880143
-19.94042969	-32.24902344	-0.03428977
-18.94042969	-32.24902344	-0.01896688
-17.94042969	-32.24902344	-0.03749990
-16.94042969	-32.24902344	-0.01349974
-15.94042969	-32.24902344	-0.01549959
-14.94042969	-32.24902344	-0.13712402
-13.94042969	-32.24902344	-0.02349949
-12.94042969	-32.24902344	-0.17549992
-11.94042969	-32.24902344	-0.15149975
-10.94042969	-32.24902344	-0.12849951
-9.94042969	-32.24902344	-0.11149979
-8.94042969	-32.24902344	-0.09849977
-7.94042969	-32.24902344	-0.08149958
-6.94042969	-32.24902344	-0.08349991
-5.94042969	-32.24902344	-0.09849977
-4.94042969	-32.24902344	-0.11649990
-3.94042969	-32.24902344	-0.13449955
-2.94042969	-32.24902344	-0.15249968
-1.94042969	-32.24902344	-0.16249990
-0.94042969	-32.24902344	-0.00742065
0.05957031	-32.24902344	0.01150036
1.05957031	-32.24902344	0.01350021
2.05957031	-32.24902344	0.02550030
3.05957031	-32.24902344	0.35250044
4.05957031	-32.24902344	0.06480700
5.05957031	-32.24902344	0.06917422
6.05957031	-32.24902344	0.07742736
7.05957031	-32.24902344	0.07867003
8.05957031	-32.24902344	0.08301437
9.05957031	-32.24902344	0.08368953
10.05957031	-32.24902344	0.08573248
11.05957031	-32.24902344	0.08613001
12.05957031	-32.24902344	0.08704838
13.05957031	-32.24902344	0.08727424
14.05957031	-32.24902344	0.08768141
15.05957031	-32.24902344	0.08780224
16.05957031	-32.24902344	0.08798038
17.05957031	-32.24902344	0.08804156
18.05957031	-32.24902344	0.08811912
19.05957031	-32.24902344	0.08814943
20.05957031	-32.24902344	0.08818416
21.05957031	-32.24902344	0.08820053
22.05957031	-32.24902344	0.08780506
23.05957031	-32.24902344	0.08759927
24.05957031	-32.24902344	0.08763418
25.05957031	-32.24902344	0.08557086
26.05957031	-32.24902344	0.08589386
27.05957031	-32.24902344	0.07821147
28.05957031	-32.24902344	0.05906284
-29.94042969	-31.24902344	-0.04221502
-28.94042969	-31.24902344	-0.04264667
-27.94042969	-31.24902344	-0.04348454
-26.94042969	-31.24902344	-0.04358413
-25.94042969	-31.24902344	-0.04383676
-24.94042969	-31.24902344	-0.04394350
-23.94042969	-31.24902344	-0.04370893
-22.94042969	-31.24902344	-0.04331108
-21.94042969	-31.24902344	-0.04260466
-20.94042969	-31.24902344	-0.03807169
-19.94042969	-31.24902344	-0.03179348
-18.94042969	-31.24902344	-0.03521224
-17.94042969	-31.24902344	-0.02849960
-16.94042969	-31.24902344	-0.01249981
-15.94042969	-31.24902344	-0.01349974
-14.94042969	-31.24902344	-0.01449966
-13.94042969	-31.24902344	-0.01949978
-12.94042969	-31.24902344	-0.17149973
-11.94042969	-31.24902344	-0.16049957
-10.94042969	-31.24902344	-0.12749958
-9.94042969	-31.24902344	-0.11649990
-8.94042969	-31.24902344	-0.09749985
-7.94042969	-31.24902344	-0.08349991
-6.94042969	-31.24902344	-0.08349991
-5.94042969	-31.24902344	-0.09649992
-4.94042969	-31.24902344	-0.11249971
-3.94042969	-31.24902344	-0.12849951
-2.94042969	-31.24902344	-0.15049982
-1.94042969	-31.24902344	-0.15949965
-0.94042969	-31.24902344	-0.00149965
0.05957031	-31.24902344	0.00350046
1.05957031	-31.24902344	0.01850033
2.05957031	-31.24902344	0.02650023
3.05957031	-31.24902344	0.08850050
4.05957031	-31.24902344	0.06744001
5.05957031	-31.24902344	0.08489245
6.05957031	-31.24902344	0.10376836
7.05957031	-31.24902344	0.10856450
8.05957031	-31.24902344	0.12132506
9.05957031	-31.24902344	0.12246518
10.05957031	-31.24902344	0.12948133
11.05957031	-31.24902344	0.12963976
12.05957031	-31.24902344	0.13314615
13.05957031	-31.24902344	0.13310182
14.05957031	-31.24902344	0.13476667
15.05957031	-31.24902344	0.13471368
16.05957031	-31.24902344	0.13547950
17.05957031	-31.24902344	0.13544764
18.05957031	-31.24902344	0.13579305
19.05957031	-31.24902344	0.13577819
20.05957031	-31.24902344	0.13593379
21.05957031	-31.24902344	0.13592981
22.05957031	-31.24902344	0.13577414
23.05957031	-31.24902344	0.13561733
24.05957031	-31.24902344	0.13664201
25.05957031	-31.24902344	0.13605531
26.05957031	-31.24902344	0.13859305
27.05957031	-31.24902344	0.17533317
28.05957031	-31.24902344	0.17838187
-29.94042969	-30.24902344	-0.03902461
-28.94042969	-30.24902344	-0.03918407
-27.94042969	-30.24902344	-0.04240940
-26.94042969	-30.24902344	-0.04252803
-25.94042969	-30.24902344	-0.04335715
-24.94042969	-30.24902344	-0.04337197
-23.94042969	-30.24902344	-0.04336448
-22.94042969	-30.24902344	-0.04239547
-21.94042969	-30.24902344	-0.04140931
-20.94042969	-30.24902344	-0.03733979
-19.94042969	-30.24902344	-0.03611036
-18.94042969	-30.24902344	-0.01520349
-17.94042969	-30.24902344	-0.01449966
-16.94042969	-30.24902344	-0.01149988
-15.94042969	-30.24902344	-0.01149988
-14.94042969	-30.24902344	-0.00649977
-13.94042969	-30.24902344	-0.02549982
-12.94042969	-30.24902344	-0.18649960
-11.94042969	-30.24902344	-0.16549969
-10.94042969	-30.24902344	-0.14049959
-9.94042969	-30.24902344	-0.11949968
-8.94042969	-30.24902344	-0.09949970
-7.94042969	-30.24902344	-0.09149981
-6.94042969	-30.24902344	-0.07949972
-5.94042969	-30.24902344	-0.09449959
-4.94042969	-30.24902344	-0.10749960
-3.94042969	-30.24902344	-0.12449980
-2.94042969	-30.24902344	-0.14749956
-1.94042969	-30.24902344	-0.15949965
-0.94042969	-30.24902344	-0.01249981
0.05957031	-30.24902344	0.00450039
1.05957031	-30.24902344	0.01550007
2.05957031	-30.24902344	0.02650023
3.05957031	-30.24902344	0.05350018
4.05957031	-30.24902344	0.37950039
5.05957031	-30.24902344	0.37950039
6.05957031	-30.24902344	0.37950039
7.05957031	-30.24902344	0.37950039
8.05957031	-30.24902344	0.37950039
9.05957031	-30.24902344	0.37950039
10.05957031	-30.24902344	0.37950039
11.05957031	-30.24902344	0.37950039
12.05957031	-30.24902344	0.37950039
13.05957031	-30.24902344	0.37950039
14.05957031	-30.24902344	0.37950039
15.05957031	-30.24902344	0.37950039
16.05957031	-30.24902344	0.37950039
17.05957031	-30.24902344	0.37950039
18.05957031	-30.24902344	0.37950039
19.05957031	-30.24902344	0.37950039
20.05957031	-30.24902344	0.37950039
21.05957031	-30.24902344	0.37950039
22.05957031	-30.24902344	0.37950039
23.05957031	-30.24902344	0.37950039
24.05957031	-30.24902344	0.37950039
25.05957031	-30.24902344	0.37950039
26.05957031	-30.24902344	0.37950039
27.05957031	-30.24902344	0.37950039
28.05957031	-30.24902344	0.37950039
-29.94042969	-29.24902344	-0.01549959
-28.94042969	-29.24902344	-0.01549959
-27.94042969	-29.24902344	-0.01549959
-26.94042969	-29.24902344	-0.01549959
-25.94042969	-29.24902344	-0.01549959
-24.94042969	-29.24902344	-0.01549959
-23.94042969	-29.24902344	-0.01549959
-22.94042969	-29.24902344	-0.01549959
-21.94042969	-29.24902344	-0.01549959
-20.94042969	-29.24902344	-0.01549959
-19.94042969	-29.24902344	-0.01549959
-18.94042969	-29.24902344	-0.01549959
-17.94042969	-29.24902344	-0.01549959
-16.94042969	-29.24902344	-0.00049973
-15.94042969	-29.24902344	-0.00649977
-14.94042969	-29.24902344	-0.00449991
-13.94042969	-29.24902344	-0.01449966
-12.94042969	-29.24902344	-0.19349957
-11.94042969	-29.24902344	-0.17049980
-10.94042969	-29.24902344	-0.14349985
-9.94042969	-29.24902344	-0.12749958
-8.94042969	-29.24902344	-0.10749960
-7.94042969	-29.24902344	-0.09349966
-6.94042969	-29.24902344	-0.08049965
-5.94042969	-29.24902344	-0.09349966
-4.94042969	-29.24902344	-0.10249996
-3.94042969	-29.24902344	-0.12449980
-2.94042969	-29.24902344	-0.13849974
-1.94042969	-29.24902344	-0.16149950
-0.94042969	-29.24902344	-0.17049980
0.05957031	-29.24902344	0.00350046
1.05957031	-29.24902344	0.00750017
2.05957031	-29.24902344	0.02250004
3.05957031	-29.24902344	0.03950024
4.05957031	-29.24902344	0.21850014
5.05957031	-29.24902344	0.10306524
6.05957031	-29.24902344	0.14126831
7.05957031	-29.24902344	0.13793629
8.05957031	-29.24902344	0.15201958
9.05957031	-29.24902344	0.15320874
10.05957031	-29.24902344	0.15795965
11.05957031	-29.24902344	0.15879964
12.05957031	-29.24902344	0.16036263
13.05957031	-29.24902344	0.16075135
14.05957031	-29.24902344	0.16126890
15.05957031	-29.24902344	0.16143070
16.05957031	-29.24902344	0.16160599
17.05957031	-29.24902344	0.16167100
18.05957031	-29.24902344	0.16173062
19.05957031	-29.24902344	0.16175494
20.05957031	-29.24902344	0.16176893
21.05957031	-29.24902344	0.16172855
22.05957031	-29.24902344	0.16169780
23.05957031	-29.24902344	0.16168133
24.05957031	-29.24902344	0.16107031
25.05957031	-29.24902344	0.15988592
26.05957031	-29.24902344	0.16064621
27.05957031	-29.24902344	0.17919565
28.05957031	-29.24902344	0.16999500
-29.94042969	-28.24902344	0.00500219
-28.94042969	-28.24902344	0.00556682
-27.94042969	-28.24902344	-0.00413517
-26.94042969	-28.24902344	-0.00379914
-25.94042969	-28.24902344	-0.00702881
-24.94042969	-28.24902344	-0.00691426
-23.94042969	-28.24902344	-0.00773402
-22.94042969	-28.24902344	-0.00763435
-21.94042969	-28.24902344	-0.00787327
-20.94042969	-28.24902344	-0.00769169
-19.94042969	-28.24902344	-0.01695868
-18.94042969	-28.24902344	-0.01577697
-17.94042969	-28.24902344	-0.00061335
-16.94042969	-28.24902344	0.01250029
-15.94042969	-28.24902344	0.00650024
-14.94042969	-28.24902344	-0.00049973
-13.94042969	-28.24902344	-0.12207213
-12.94042969	-28.24902344	-0.11449727
-11.94042969	-28.24902344	-0.13470791
-10.94042969	-28.24902344	-0.15049982
-9.94042969	-28.24902344	-0.13049984
-8.94042969	-28.24902344	-0.11149979
-7.94042969	-28.24902344	-0.09549952
-6.94042969	-28.24902344	-0.08049965
-5.94042969	-28.24902344	-0.08749962
-4.94042969	-28.24902344	-0.09949970
-3.94042969	-28.24902344	-0.11849976
-2.94042969	-28.24902344	-0.12949991
-1.94042969	-28.24902344	-0.15649986
-0.94042969	-28.24902344	-0.16249990
0.05957031	-28.24902344	0.00350046
1.05957031	-28.24902344	0.01850033
2.05957031	-28.24902344	0.02550030
3.05957031	-28.24902344	0.04350042
4.05957031	-28.24902344	0.09750032
5.05957031	-28.24902344	0.12205435
6.05957031	-28.24902344	0.12428079
7.05957031	-28.24902344	0.13044767
8.05957031	-28.24902344	0.13070284
9.05957031	-28.24902344	0.13088663
10.05957031	-28.24902344	0.13755623
11.05957031	-28.24902344	0.13770906
12.05957031	-28.24902344	0.15743465
13.05957031	-28.24902344	0.15757937
14.05957031	-28.24902344	0.21537408
15.05957031	-28.24902344	0.21552121
16.05957031	-28.24902344	0.21558910
17.05957031	-28.24902344	0.21564268
18.05957031	-28.24902344	0.21566902
19.05957031	-28.24902344	0.21568923
20.05957031	-28.24902344	0.21568868
21.05957031	-28.24902344	0.21566846
22.05957031	-28.24902344	0.21558822
23.05957031	-28.24902344	0.21514715
24.05957031	-28.24902344	0.21436250
25.05957031	-28.24902344	0.21416163
26.05957031	-28.24902344	0.21000814
27.05957031	-28.24902344	0.19533722
28.05957031	-28.24902344	0.16230160
-29.94042969	-27.24902344	-0.01106422
-28.94042969	-27.24902344	-0.00581946
-27.94042969	-27.24902344	-0.00402460
-26.94042969	-27.24902344	-0.00489360
-25.94042969	-27.24902344	-0.00479349
-24.94042969	-27.24902344	-0.00512130
-23.94042969	-27.24902344	-0.00507626
-22.94042969	-27.24902344	-0.00484913
-21.94042969	-27.24902344	-0.00413153
-20.94042969	-27.24902344	-0.00317937
-19.94042969	-27.24902344	-0.00317894
-18.94042969	-27.24902344	-0.00506220
-17.94042969	-27.24902344	-0.00666097
-16.94042969	-27.24902344	-0.01949978
-15.94042969	-27.24902344	0.01050043
-14.94042969	-27.24902344	0.00550032
-13.94042969	-27.24902344	-0.00049973
-12.94042969	-27.24902344	-0.13423761
-11.94042969	-27.24902344	-0.17849970
-10.94042969	-27.24902344	-0.14260059
-9.94042969	-27.24902344	-0.13349962
-8.94042969	-27.24902344	-0.11649990
-7.94042969	-27.24902344	-0.09649992
-6.94042969	-27.24902344	-0.08349991
-5.94042969	-27.24902344	-0.08349991
-4.94042969	-27.24902344	-0.09649992
-3.94042969	-27.24902344	-0.11449957
-2.94042969	-27.24902344	-0.13349962
-1.94042969	-27.24902344	-0.15049982
-0.94042969	-27.24902344	-0.15449953
0.05957031	-27.24902344	0.00150013
1.05957031	-27.24902344	0.02450037
2.05957031	-27.24902344	0.03150034
3.05957031	-27.24902344	0.05050039
4.05957031	-27.24902344	0.12850046
5.05957031	-27.24902344	0.12168839
6.05957031	-27.24902344	0.12805452
7.05957031	-27.24902344	0.12821373
8.05957031	-27.24902344	0.12852316
9.05957031	-27.24902344	0.12859357
10.05957031	-27.24902344	0.12869274
11.05957031	-27.24902344	0.13106195
12.05957031	-27.24902344	0.13816203
13.05957031	-27.24902344	0.15886910
14.05957031	-27.24902344	0.15914176
15.05957031	-27.24902344	0.15925244
16.05957031	-27.24902344	0.15934699
17.05957031	-27.24902344	0.15938996
18.05957031	-27.24902344	0.15942293
19.05957031	-27.24902344	0.15943890
20.05957031	-27.24902344	0.15944400
21.05957031	-27.24902344	0.15941212
22.05957031	-27.24902344	0.15936355
23.05957031	-27.24902344	0.15923017
24.05957031	-27.24902344	0.15874857
25.05957031	-27.24902344	0.15804981
26.05957031	-27.24902344	0.15690328
27.05957031	-27.24902344	0.15459628
28.05957031	-27.24902344	0.11406034
-29.94042969	-26.24902344	-0.01156401
-28.94042969	-26.24902344	-0.01008129
-27.94042969	-26.24902344	-0.01385558
-26.94042969	-26.24902344	-0.01398488
-25.94042969	-26.24902344	-0.01534034
-24.94042969	-26.24902344	-0.01538034
-23.94042969	-26.24902344	-0.01570833
-22.94042969	-26.24902344	-0.01557527
-21.94042969	-26.24902344	-0.01542063
-20.94042969	-26.24902344	-0.01497662
-19.94042969	-26.24902344	-0.02022214
-18.94042969	-26.24902344	-0.01592977
-17.94042969	-26.24902344	0.00567052
-16.94042969	-26.24902344	-0.01149988
-15.94042969	-26.24902344	0.01350021
-14.94042969	-26.24902344	0.00950050
-13.94042969	-26.24902344	-0.00049973
-12.94042969	-26.24902344	-0.16546043
-11.94042969	-26.24902344	-0.18649960
-10.94042969	-26.24902344	-0.16349983
-9.94042969	-26.24902344	-0.13149977
-8.94042969	-26.24902344	-0.12049961
-7.94042969	-26.24902344	-0.09749985
-6.94042969	-26.24902344	-0.08549976
-5.94042969	-26.24902344	-0.07949972
-4.94042969	-26.24902344	-0.09449959
-3.94042969	-26.24902344	-0.11049986
-2.94042969	-26.24902344	-0.12849951
-1.94042969	-26.24902344	-0.15049982
-0.94042969	-26.24902344	-0.15549994
0.05957031	-26.24902344	0.02334811
1.05957031	-26.24902344	0.03450012
2.05957031	-26.24902344	0.02650023
3.05957031	-26.24902344	0.04950047
4.05957031	-26.24902344	0.05850029
5.05957031	-26.24902344	0.12750006
6.05957031	-26.24902344	0.12750006
7.05957031	-26.24902344	0.12750006
8.05957031	-26.24902344	0.12750006
9.05957031	-26.24902344	0.12750006
10.05957031	-26.24902344	0.12750006
11.05957031	-26.24902344	0.12750006
12.05957031	-26.24902344	0.12750006
13.05957031	-26.24902344	0.12750006
14.05957031	-26.24902344	0.12750006
15.05957031	-26.24902344	0.12750006
16.05957031	-26.24902344	0.12750006
17.05957031	-26.24902344	0.12750006
18.05957031	-26.24902344	0.12750006
19.05957031	-26.24902344	0.12750006
20.05957031	-26.24902344	0.12750006
21.05957031	-26.24902344	0.12750006
22.05957031	-26.24902344	0.12750006
23.05957031	-26.24902344	0.12750006
24.05957031	-26.24902344	0.12750006
25.05957031	-26.24902344	0.12750006
26.05957031	-26.24902344	0.12750006
27.05957031	-26.24902344	0.12750006
28.05957031	-26.24902344	0.12750006
-29.94042969	-25.24902344	0.01750040
-28.94042969	-25.24902344	0.01750040
-27.94042969	-25.24902344	0.01750040
-26.94042969	-25.24902344	0.01750040
-25.94042969	-25.24902344	0.01750040
-24.94042969	-25.24902344	0.01750040
-23.94042969	-25.24902344	0.01750040
-22.94042969	-25.24902344	0.01750040
-21.94042969	-25.24902344	0.01750040
-20.94042969	-25.24902344	0.01750040
-19.94042969	-25.24902344	0.01750040
-18.94042969	-25.24902344	0.01750040
-17.94042969	-25.24902344	0.01750040
-16.94042969	-25.24902344	-0.01349974
-15.94042969	-25.24902344	0.00950050
-14.94042969	-25.24902344	0.00250006
-13.94042969	-25.24902344	-0.00744345
-12.94042969	-25.24902344	-0.02049971
-11.94042969	-25.24902344	-0.16163240
-10.94042969	-25.24902344	-0.17149973
-9.94042969	-25.24902344	-0.14449978
-8.94042969	-25.24902344	-0.12649965
-7.94042969	-25.24902344	-0.10449982
-6.94042969	-25.24902344	-0.09249973
-5.94042969	-25.24902344	-0.07849979
-4.94042969	-25.24902344	-0.09249973
-3.94042969	-25.24902344	-0.10549974
-2.94042969	-25.24902344	-0.12749958
-1.94042969	-25.24902344	-0.14749956
-0.94042969	-25.24902344	-0.16349983
0.05957031	-25.24902344	-0.14849949
1.05957031	-25.24902344	0.00650024
2.05957031	-25.24902344	0.02850008
3.05957031	-25.24902344	0.05450010
4.05957031	-25.24902344	0.05950022
5.05957031	-25.24902344	0.08850050
6.05957031	-25.24902344	0.08850050
7.05957031	-25.24902344	0.08850050
8.05957031	-25.24902344	0.08850050
9.05957031	-25.24902344	0.08850050
10.05957031	-25.24902344	0.08850050
11.05957031	-25.24902344	0.08850050
12.05957031	-25.24902344	0.08850050
13.05957031	-25.24902344	0.08850050
14.05957031	-25.24902344	0.08850050
15.05957031	-25.24902344	0.08850050
16.05957031	-25.24902344	0.08850050
17.05957031	-25.24902344	0.08850050
18.05957031	-25.24902344	0.08850050
19.05957031	-25.24902344	0.08850050
20.05957031	-25.24902344	0.08850050
21.05957031	-25.24902344	0.08850050
22.05957031	-25.24902344	0.08850050
23.05957031	-25.24902344	0.08850050
24.05957031	-25.24902344	0.08850050
25.05957031	-25.24902344	0.08850050
26.05957031	-25.24902344	0.08850050
27.05957031	-25.24902344	0.08850050
28.05957031	-25.24902344	0.08850050
-29.94042969	-24.24902344	-0.04549980
-28.94042969	-24.24902344	-0.04549980
-27.94042969	-24.24902344	-0.04549980
-26.94042969	-24.24902344	-0.04549980
-25.94042969	-24.24902344	-0.04549980
-24.94042969	-24.24902344	-0.04549980
-23.94042969	-24.24902344	-0.04549980
-22.94042969	-24.24902344	-0.04549980
-21.94042969	-24.24902344	-0.04549980
-20.94042969	-24.24902344	-0.04549980
-19.94042969	-24.24902344	-0.04549980
-18.94042969	-24.24902344	-0.04549980
-17.94042969	-24.24902344	-0.04549980
-16.94042969	-24.24902344	-0.04549980
-15.94042969	-24.24902344	0.00650024
-14.94042969	-24.24902344	0.00050020
-13.94042969	-24.24902344	-0.00549984
-12.94042969	-24.24902344	-0.01449966
-11.94042969	-24.24902344	-0.18949986
-10.94042969	-24.24902344	-0.17649984
-9.94042969	-24.24902344	-0.15149975
-8.94042969	-24.24902344	-0.13349962
-7.94042969	-24.24902344	-0.11049986
-6.94042969	-24.24902344	-0.09449959
-5.94042969	-24.24902344	-0.08049965
-4.94042969	-24.24902344	-0.08949995
-3.94042969	-24.24902344	-0.10249996
-2.94042969	-24.24902344	-0.11949968
-1.94042969	-24.24902344	-0.14749956
-0.94042969	-24.24902344	-0.16249990
0.05957031	-24.24902344	-0.16449976
1.05957031	-24.24902344	0.01150036
2.05957031	-24.24902344	0.02950048
3.05957031	-24.24902344	0.04950047
4.05957031	-24.24902344	0.05750036
5.05957031	-24.24902344	0.16650009
6.05957031	-24.24902344	0.12170121
7.05957031	-24.24902344	0.12830583
8.05957031	-24.24902344	0.12901678
9.05957031	-24.24902344	0.12986063
10.05957031	-24.24902344	0.13681568
11.05957031	-24.24902344	0.13838103
12.05957031	-24.24902344	0.17888109
13.05957031	-24.24902344	0.18064105
14.05957031	-24.24902344	0.30136750
15.05957031	-24.24902344	0.30339651
16.05957031	-24.24902344	0.30881242
17.05957031	-24.24902344	0.30960652
18.05957031	-24.24902344	0.31120825
19.05957031	-24.24902344	0.31151487
20.05957031	-24.24902344	0.31198205
21.05957031	-24.24902344	0.31291784
22.05957031	-24.24902344	0.31290421
23.05957031	-24.24902344	0.31163243
24.05957031	-24.24902344	0.31809032
25.05957031	-24.24902344	0.32121124
26.05957031	-24.24902344	0.33016380
27.05957031	-24.24902344	0.37877859
28.05957031	-24.24902344	0.39108244
-29.94042969	-23.24902344	0.00407011
-28.94042969	-23.24902344	0.00473562
-27.94042969	-23.24902344	0.00664597
-26.94042969	-23.24902344	0.00665122
-25.94042969	-23.24902344	0.00665749
-24.94042969	-23.24902344	0.00665924
-23.94042969	-23.24902344	0.00665972
-22.94042969	-23.24902344	0.00665983
-21.94042969	-23.24902344	0.00667032
-20.94042969	-23.24902344	0.00669210
-19.94042969	-23.24902344	0.00670406
-18.94042969	-23.24902344	0.00671856
-17.94042969	-23.24902344	-0.02719034
-16.94042969	-23.24902344	0.01310375
-15.94042969	-23.24902344	0.01250029
-14.94042969	-23.24902344	0.00650024
-13.94042969	-23.24902344	-0.00249958
-12.94042969	-23.24902344	-0.00849962
-11.94042969	-23.24902344	-0.02549982
-10.94042969	-23.24902344	-0.17949963
-9.94042969	-23.24902344	-0.15649986
-8.94042969	-23.24902344	-0.13549995
-7.94042969	-23.24902344	-0.11749983
-6.94042969	-23.24902344	-0.09849977
-5.94042969	-23.24902344	-0.07849979
-4.94042969	-23.24902344	-0.08549976
-3.94042969	-23.24902344	-0.09649992
-2.94042969	-23.24902344	-0.11449957
-1.94042969	-23.24902344	-0.12749958
-0.94042969	-23.24902344	-0.15349960
0.05957031	-23.24902344	-0.16349983
1.05957031	-23.24902344	0.01350021
2.05957031	-23.24902344	0.02550030
3.05957031	-23.24902344	0.03750038
4.05957031	-23.24902344	0.06750011
5.05957031	-23.24902344	0.12850046
6.05957031	-23.24902344	0.13527965
7.05957031	-23.24902344	0.24330063
8.05957031	-23.24902344	0.30331032
9.05957031	-23.24902344	0.32454495
10.05957031	-23.24902344	0.34654432
11.05957031	-23.24902344	0.35931419
12.05957031	-23.24902344	0.37148489
13.05957031	-23.24902344	0.38130073
14.05957031	-23.24902344	0.38822792
15.05957031	-23.24902344	0.39340658
16.05957031	-23.24902344	0.39679631
17.05957031	-23.24902344	0.39924450
18.05957031	-23.24902344	0.40080603
19.05957031	-23.24902344	0.40191308
20.05957031	-23.24902344	0.40261033
21.05957031	-23.24902344	0.40316588
22.05957031	-23.24902344	0.40349493
23.05957031	-23.24902344	0.40393184
24.05957031	-23.24902344	0.40487476
25.05957031	-23.24902344	0.40601010
26.05957031	-23.24902344	0.40400834
27.05957031	-23.24902344	0.30309577
28.05957031	-23.24902344	0.30635370
-29.94042969	-22.24902344	-0.03182785
-28.94042969	-22.24902344	-0.03149024
-27.94042969	-22.24902344	-0.03478057
-26.94042969	-22.24902344	-0.03478056
-25.94042969	-22.24902344	-0.03478051
-24.94042969	-22.24902344	-0.03478049
-23.94042969	-22.24902344	-0.03478046
-22.94042969	-22.24902344	-0.03478045
-21.94042969	-22.24902344	-0.03478033
-20.94042969	-22.24902344	-0.03478010
-19.94042969	-22.24902344	-0.03477964
-18.94042969	-22.24902344	-0.03478777
-17.94042969	-22.24902344	-0.03477526
-16.94042969	-22.24902344	0.00002492
-15.94042969	-22.24902344	-0.02549982
-14.94042969	-22.24902344	0.01250029
-13.94042969	-22.24902344	0.00450039
-12.94042969	-22.24902344	-0.00649977
-11.94042969	-22.24902344	-0.07661834
-10.94042969	-22.24902344	-0.14039718
-9.94042969	-22.24902344	-0.10391328
-8.94042969	-22.24902344	-0.13549995
-7.94042969	-22.24902344	-0.11849976
-6.94042969	-22.24902344	-0.09749985
-5.94042969	-22.24902344	-0.08249950
-4.94042969	-22.24902344	-0.08149958
-3.94042969	-22.24902344	-0.09449959
-2.94042969	-22.24902344	-0.11249971
-1.94042969	-22.24902344	-0.13349962
-0.94042969	-22.24902344	-0.15549994
0.05957031	-22.24902344	-0.15749979
1.05957031	-22.24902344	0.00550032
2.05957031	-22.24902344	0.02650023
3.05957031	-22.24902344	0.03350019
4.05957031	-22.24902344	0.05450010
5.05957031	-22.24902344	0.26950026
6.05957031	-22.24902344	0.12174234
7.05957031	-22.24902344	0.17421513
8.05957031	-22.24902344	0.40332639
9.05957031	-22.24902344	0.41404677
10.05957031	-22.24902344	0.50618310
11.05957031	-22.24902344	0.51302482
12.05957031	-22.24902344	0.54083503
13.05957031	-22.24902344	0.54135757
14.05957031	-22.24902344	0.54163683
15.05957031	-22.24902344	0.54177563
16.05957031	-22.24902344	0.54186417
17.05957031	-22.24902344	0.54191351
18.05957031	-22.24902344	0.54194640
19.05957031	-22.24902344	0.54196556
20.05957031	-22.24902344	0.54198022
21.05957031	-22.24902344	0.54199105
22.05957031	-22.24902344	0.54199891
23.05957031	-22.24902344	0.54202141
24.05957031	-22.24902344	0.54205089
25.05957031	-22.24902344	0.54211303
26.05957031	-22.24902344	0.54236851
27.05957031	-22.24902344	0.53200860
28.05957031	-22.24902344	0.53997419
-29.94042969	-21.24902344	0.00750017
-28.94042969	-21.24902344	0.00750017
-27.94042969	-21.24902344	0.00750017
-26.94042969	-21.24902344	0.00750017
-25.94042969	-21.24902344	0.00750017
-24.94042969	-21.24902344	0.00750017
-23.94042969	-21.24902344	0.00750017
-22.94042969	-21.24902344	0.00750017
-21.94042969	-21.24902344	0.00750017
-20.94042969	-21.24902344	0.00750017
-19.94042969	-21.24902344	0.00750017
-18.94042969	-21.24902344	0.00750017
-17.94042969	-21.24902344	0.00750017
-16.94042969	-21.24902344	0.00750017
-15.94042969	-21.24902344	-0.04449987
-14.94042969	-21.24902344	0.01750040
-13.94042969	-21.24902344	0.00950050
-12.94042969	-21.24902344	-0.00249958
-11.94042969	-21.24902344	-0.01649952
-10.94042969	-21.24902344	-0.19149971
-9.94042969	-21.24902344	-0.16749954
-8.94042969	-21.24902344	-0.13849974
-7.94042969	-21.24902344	-0.11949968
-6.94042969	-21.24902344	-0.09949970
-5.94042969	-21.24902344	-0.08749962
-4.94042969	-21.24902344	-0.08049965
-3.94042969	-21.24902344	-0.09749985
-2.94042969	-21.24902344	-0.11149979
-1.94042969	-21.24902344	-0.12849951
-0.94042969	-21.24902344	-0.14749956
0.05957031	-21.24902344	-0.16049957
1.05957031	-21.24902344	-0.01049995
2.05957031	-21.24902344	0.00350046
3.05957031	-21.24902344	0.02150011
4.05957031	-21.24902344	0.03650045
5.05957031	-21.24902344	0.04650021
6.05957031	-21.24902344	0.07664282
7.05957031	-21.24902344	0.15340949
8.05957031	-21.24902344	0.20085073
9.05957031	-21.24902344	0.44513610
10.05957031	-21.24902344	0.51581501
11.05957031	-21.24902344	0.53915243
12.05957031	-21.24902344	0.53974399
13.05957031	-21.24902344	0.54008339
14.05957031	-21.24902344	0.54030087
15.05957031	-21.24902344	0.54044558
16.05957031	-21.24902344	0.54053946
17.05957031	-21.24902344	0.54060347
18.05957031	-21.24902344	0.54064455
19.05957031	-21.24902344	0.54067260
20.05957031	-21.24902344	0.54069099
21.05957031	-21.24902344	0.54070661
22.05957031	-21.24902344	0.54071773
23.05957031	-21.24902344	0.54073074
24.05957031	-21.24902344	0.54088533
25.05957031	-21.24902344	0.54109073
26.05957031	-21.24902344	0.54109254
27.05957031	-21.24902344	0.54002191
28.05957031	-21.24902344	0.51709098
-29.94042969	-20.24902344	-0.03649950
-28.94042969	-20.24902344	-0.03649950
-27.94042969	-20.24902344	-0.03649950
-26.94042969	-20.24902344	-0.03649950
-25.94042969	-20.24902344	-0.03649950
-24.94042969	-20.24902344	-0.03649950
-23.94042969	-20.24902344	-0.03649950
-22.94042969	-20.24902344	-0.03649950
-21.94042969	-20.24902344	-0.03649950
-20.94042969	-20.24902344	-0.03649950
-19.94042969	-20.24902344	-0.03649950
-18.94042969	-20.24902344	-0.03649950
-17.94042969	-20.24902344	-0.03649950
-16.94042969	-20.24902344	-0.03649950
-15.94042969	-20.24902344	-0.03649950
-14.94042969	-20.24902344	0.01850033
-13.94042969	-20.24902344	0.01650047
-12.94042969	-20.24902344	0.00550032
-11.94042969	-20.24902344	-0.12946196
-10.94042969	-20.24902344	-0.18949986
-9.94042969	-20.24902344	-0.12867857
-8.94042969	-20.24902344	-0.13949966
-7.94042969	-20.24902344	-0.12349987
-6.94042969	-20.24902344	-0.10549974
-5.94042969	-20.24902344	-0.09449959
-4.94042969	-20.24902344	-0.08349991
-3.94042969	-20.24902344	-0.09249973
-2.94042969	-20.24902344	-0.10849953
-1.94042969	-20.24902344	-0.12349987
-0.94042969	-20.24902344	-0.14049959
0.05957031	-20.24902344	-0.16749954
1.05957031	-20.24902344	-0.16249990
2.05957031	-20.24902344	0.02424364
3.05957031	-20.24902344	0.01550007
4.05957031	-20.24902344	0.02750015
5.05957031	-20.24902344	0.03850031
6.05957031	-20.24902344	0.54850006
7.05957031	-20.24902344	0.54850006
8.05957031	-20.24902344	0.54850006
9.05957031	-20.24902344	0.54850006
10.05957031	-20.24902344	0.54850006
11.05957031	-20.24902344	0.54850006
12.05957031	-20.24902344	0.54850006
13.05957031	-20.24902344	0.54850006
14.05957031	-20.24902344	0.54850006
15.05957031	-20.24902344	0.54850006
16.05957031	-20.24902344	0.54850006
17.05957031	-20.24902344	0.54850006
18.05957031	-20.24902344	0.54850006
19.05957031	-20.24902344	0.54850006
20.05957031	-20.24902344	0.54850006
21.05957031	-20.24902344	0.54850006
22.05957031	-20.24902344	0.54850006
23.05957031	-20.24902344	0.54850006
24.05957031	-20.24902344	0.54850006
25.05957031	-20.24902344	0.54850006
26.05957031	-20.24902344	0.54850006
27.05957031	-20.24902344	0.54850006
28.05957031	-20.24902344	0.54850006
-29.94042969	-19.24902344	-0.01583804
-28.94042969	-19.24902344	-0.02518119
-27.94042969	-19.24902344	-0.02046128
-26.94042969	-19.24902344	-0.02579510
-25.94042969	-19.24902344	-0.01645213
-24.94042969	-19.24902344	-0.03475896
-23.94042969	-19.24902344	-0.03475955
-22.94042969	-19.24902344	-0.03475923
-21.94042969	-19.24902344	-0.03475828
-20.94042969	-19.24902344	-0.03475630
-19.94042969	-19.24902344	-0.03475021
-18.94042969	-19.24902344	-0.03474385
-17.94042969	-19.24902344	-0.03614444
-16.94042969	-19.24902344	-0.03449622
-15.94042969	-19.24902344	0.00098712
-14.94042969	-19.24902344	0.01850033
-13.94042969	-19.24902344	0.01750040
-12.94042969	-19.24902344	-0.00299634
-11.94042969	-19.24902344	-0.00349951
-10.94042969	-19.24902344	-0.02749968
-9.94042969	-19.24902344	-0.17049980
-8.94042969	-19.24902344	-0.14349985
-7.94042969	-19.24902344	-0.12849951
-6.94042969	-19.24902344	-0.11149979
-5.94042969	-19.24902344	-0.09549952
-4.94042969	-19.24902344	-0.08249950
-3.94042969	-19.24902344	-0.09049988
-2.94042969	-19.24902344	-0.10149956
-1.94042969	-19.24902344	-0.12049961
-0.94042969	-19.24902344	-0.13449955
0.05957031	-19.24902344	-0.16049957
1.05957031	-19.24902344	-0.16849995
2.05957031	-19.24902344	0.01450014
3.05957031	-19.24902344	0.01750040
4.05957031	-19.24902344	0.03350019
5.05957031	-19.24902344	0.04350042
6.05957031	-19.24902344	0.46350050
7.05957031	-19.24902344	0.19139027
8.05957031	-19.24902344	0.25133950
9.05957031	-19.24902344	0.47218358
10.05957031	-19.24902344	0.51853509
11.05957031	-19.24902344	0.53728739
12.05957031	-19.24902344	0.53778912
13.05957031	-19.24902344	0.53810898
14.05957031	-19.24902344	0.53832511
15.05957031	-19.24902344	0.53847501
16.05957031	-19.24902344	0.53857240
17.05957031	-19.24902344	0.53864045
18.05957031	-19.24902344	0.53868365
19.05957031	-19.24902344	0.53871375
20.05957031	-19.24902344	0.53873296
21.05957031	-19.24902344	0.53875179
22.05957031	-19.24902344	0.53876879
23.05957031	-19.24902344	0.53877492
24.05957031	-19.24902344	0.53884271
25.05957031	-19.24902344	0.53898255
26.05957031	-19.24902344	0.53895711
27.05957031	-19.24902344	0.53756482
28.05957031	-19.24902344	0.51666677
-29.94042969	-18.24902344	-0.03052870
-28.94042969	-18.24902344	-0.02877769
-27.94042969	-18.24902344	-0.03036174
-26.94042969	-18.24902344	-0.03304606
-25.94042969	-18.24902344	-0.03575077
-24.94042969	-18.24902344	-0.03577270
-23.94042969	-18.24902344	-0.03577279
-22.94042969	-18.24902344	-0.03578102
-21.94042969	-18.24902344	-0.03577774
-20.94042969	-18.24902344	-0.03577863
-19.94042969	-18.24902344	-0.03576572
-18.94042969	-18.24902344	-0.03574478
-17.94042969	-18.24902344	-0.03576317
-16.94042969	-18.24902344	0.00015144
-15.94042969	-18.24902344	-0.00013342
-14.94042969	-18.24902344	0.00850010
-13.94042969	-18.24902344	0.01550007
-12.94042969	-18.24902344	0.01150036
-11.94042969	-18.24902344	-0.00649977
-10.94042969	-18.24902344	-0.01249981
-9.94042969	-18.24902344	-0.17249966
-8.94042969	-18.24902344	-0.15249968
-7.94042969	-18.24902344	-0.12849951
-6.94042969	-18.24902344	-0.11749983
-5.94042969	-18.24902344	-0.09549952
-4.94042969	-18.24902344	-0.08749962
-3.94042969	-18.24902344	-0.08849955
-2.94042969	-18.24902344	-0.10249996
-1.94042969	-18.24902344	-0.11649990
-0.94042969	-18.24902344	-0.12849951
0.05957031	-18.24902344	-0.15149975
1.05957031	-18.24902344	-0.16149950
2.05957031	-18.24902344	-0.00149965
3.05957031	-18.24902344	0.01450014
4.05957031	-18.24902344	0.03050041
5.05957031	-18.24902344	0.04550028
6.05957031	-18.24902344	0.24650049
7.05957031	-18.24902344	0.44850016
8.05957031	-18.24902344	0.44850016
9.05957031	-18.24902344	0.44850016
10.05957031	-18.24902344	0.44850016
11.05957031	-18.24902344	0.44850016
12.05957031	-18.24902344	0.44850016
13.05957031	-18.24902344	0.44850016
14.05957031	-18.24902344	0.44850016
15.05957031	-18.24902344	0.44850016
16.05957031	-18.24902344	0.44850016
17.05957031	-18.24902344	0.44850016
18.05957031	-18.24902344	0.44850016
19.05957031	-18.24902344	0.44850016
20.05957031	-18.24902344	0.44850016
21.05957031	-18.24902344	0.44850016
22.05957031	-18.24902344	0.44850016
23.05957031	-18.24902344	0.44850016
24.05957031	-18.24902344	0.44850016
25.05957031	-18.24902344	0.44850016
26.05957031	-18.24902344	0.44850016
27.05957031	-18.24902344	0.44850016
28.05957031	-18.24902344	0.44850016
-29.94042969	-17.24902344	-0.01983379
-28.94042969	-17.24902344	-0.02518048
-27.94042969	-17.24902344	-0.02370887
-26.94042969	-17.24902344	-0.02561638
-25.94042969	-17.24902344	-0.02583163
-24.94042969	-17.24902344	-0.02615213
-23.94042969	-17.24902344	-0.02616046
-22.94042969	-17.24902344	-0.02615874
-21.94042969	-17.24902344	-0.02615005
-20.94042969	-17.24902344	-0.02612571
-19.94042969	-17.24902344	-0.02608428
-18.94042969	-17.24902344	-0.02606895
-17.94042969	-17.24902344	-0.02605972
-16.94042969	-17.24902344	-0.02599733
-15.94042969	-17.24902344	0.00642188
-14.94042969	-17.24902344	-0.01649952
-13.94042969	-17.24902344	0.01450014
-12.94042969	-17.24902344	0.00450039
-11.94042969	-17.24902344	-0.00849962
-10.94042969	-17.24902344	-0.02049971
-9.94042969	-17.24902344	-0.17649984
-8.94042969	-17.24902344	-0.15849972
-7.94042969	-17.24902344	-0.12349987
-6.94042969	-17.24902344	-0.11749983
-5.94042969	-17.24902344	-0.09749985
-4.94042969	-17.24902344	-0.08849955
-3.94042969	-17.24902344	-0.08749962
-2.94042969	-17.24902344	-0.10049963
-1.94042969	-17.24902344	-0.11149979
-0.94042969	-17.24902344	-0.12949991
0.05957031	-17.24902344	-0.15049982
1.05957031	-17.24902344	-0.15449953
2.05957031	-17.24902344	-0.00149965
3.05957031	-17.24902344	0.00250006
4.05957031	-17.24902344	0.02350044
5.05957031	-17.24902344	0.03850031
6.05957031	-17.24902344	0.11650038
7.05957031	-17.24902344	0.07322522
8.05957031	-17.24902344	0.07423984
9.05957031	-17.24902344	0.07649864
10.05957031	-17.24902344	0.07650810
11.05957031	-17.24902344	0.07651309
12.05957031	-17.24902344	0.07651586
13.05957031	-17.24902344	0.07651726
14.05957031	-17.24902344	0.07651803
15.05957031	-17.24902344	0.07651843
16.05957031	-17.24902344	0.07651865
17.05957031	-17.24902344	0.07651876
18.05957031	-17.24902344	0.07651883
19.05957031	-17.24902344	0.07651886
20.05957031	-17.24902344	0.07651888
21.05957031	-17.24902344	0.07651889
22.05957031	-17.24902344	0.07651889
23.05957031	-17.24902344	0.07651890
24.05957031	-17.24902344	0.07651887
25.05957031	-17.24902344	0.07651867
26.05957031	-17.24902344	0.07653912
27.05957031	-17.24902344	0.07868157
28.05957031	-17.24902344	0.07830134
-29.94042969	-16.24902344	-0.02452316
-28.94042969	-16.24902344	-0.02516019
-27.94042969	-16.24902344	-0.02141977
-26.94042969	-16.24902344	-0.02159155
-25.94042969	-16.24902344	-0.02039337
-24.94042969	-16.24902344	-0.02043167
-23.94042969	-16.24902344	-0.02010921
-22.94042969	-16.24902344	-0.02011577
-21.94042969	-16.24902344	-0.02002518
-20.94042969	-16.24902344	-0.02002394
-19.94042969	-16.24902344	-0.02002044
-18.94042969	-16.24902344	-0.01277045
-17.94042969	-16.24902344	-0.01102555
-16.94042969	-16.24902344	-0.00471368
-15.94042969	-16.24902344	0.01564710
-14.94042969	-16.24902344	-0.03149986
-13.94042969	-16.24902344	0.00850010
-12.94042969	-16.24902344	0.00450039
-11.94042969	-16.24902344	-0.00749969
-10.94042969	-16.24902344	-0.10121824
-9.94042969	-16.24902344	-0.11372020
-8.94042969	-16.24902344	-0.16649961
-7.94042969	-16.24902344	-0.14149952
-6.94042969	-16.24902344	-0.12249994
-5.94042969	-16.24902344	-0.10249996
-4.94042969	-16.24902344	-0.09449959
-3.94042969	-16.24902344	-0.08649969
-2.94042969	-16.24902344	-0.09749985
-1.94042969	-16.24902344	-0.11149979
-0.94042969	-16.24902344	-0.12349987
0.05957031	-16.24902344	-0.14349985
1.05957031	-16.24902344	-0.15449953
2.05957031	-16.24902344	-0.00849962
3.05957031	-16.24902344	0.00450039
4.05957031	-16.24902344	0.01450014
5.05957031	-16.24902344	0.03050041
6.05957031	-16.24902344	0.05150032
7.05957031	-16.24902344	0.09550047
8.05957031	-16.24902344	0.09550047
9.05957031	-16.24902344	0.09550047
10.05957031	-16.24902344	0.09550047
11.05957031	-16.24902344	0.09550047
12.05957031	-16.24902344	0.09550047
13.05957031	-16.24902344	0.09550047
14.05957031	-16.24902344	0.09550047
15.05957031	-16.24902344	0.09550047
16.05957031	-16.24902344	0.09550047
17.05957031	-16.24902344	0.09550047
18.05957031	-16.24902344	0.09550047
19.05957031	-16.24902344	0.09550047
20.05957031	-16.24902344	0.09550047
21.05957031	-16.24902344	0.09550047
22.05957031	-16.24902344	0.09550047
23.05957031	-16.24902344	0.09550047
24.05957031	-16.24902344	0.09550047
25.05957031	-16.24902344	0.09550047
26.05957031	-16.24902344	0.09550047
27.05957031	-16.24902344	0.09550047
28.05957031	-16.24902344	0.09550047
-29.94042969	-15.24902344	-0.02649975
-28.94042969	-15.24902344	-0.02649975
-27.94042969	-15.24902344	-0.02649975
-26.94042969	-15.24902344	-0.02649975
-25.94042969	-15.24902344	-0.02649975
-24.94042969	-15.24902344	-0.02649975
-23.94042969	-15.24902344	-0.02649975
-22.94042969	-15.24902344	-0.02649975
-21.94042969	-15.24902344	-0.02649975
-20.94042969	-15.24902344	-0.02649975
-19.94042969	-15.24902344	-0.02649975
-18.94042969	-15.24902344	-0.02649975
-17.94042969	-15.24902344	-0.02649975
-16.94042969	-15.24902344	-0.02649975
-15.94042969	-15.24902344	-0.02649975
-14.94042969	-15.24902344	-0.02649975
-13.94042969	-15.24902344	0.02350044
-12.94042969	-15.24902344	0.01450014
-11.94042969	-15.24902344	-0.00578748
-10.94042969	-15.24902344	-0.10447729
-9.94042969	-15.24902344	-0.18449974
-8.94042969	-15.24902344	-0.17049980
-7.94042969	-15.24902344	-0.14249992
-6.94042969	-15.24902344	-0.12449980
-5.94042969	-15.24902344	-0.10749960
-4.94042969	-15.24902344	-0.09549952
-3.94042969	-15.24902344	-0.08549976
-2.94042969	-15.24902344	-0.09349966
-1.94042969	-15.24902344	-0.10249996
-0.94042969	-15.24902344	-0.11949968
0.05957031	-15.24902344	-0.13949966
1.05957031	-15.24902344	-0.15549994
2.05957031	-15.24902344	-0.15949965
3.05957031	-15.24902344	-0.00649977
4.05957031	-15.24902344	0.02150011
5.05957031	-15.24902344	0.03650045
6.05957031	-15.24902344	0.04650021
7.05957031	-15.24902344	0.07550049
8.05957031	-15.24902344	0.07550049
9.05957031	-15.24902344	0.07550049
10.05957031	-15.24902344	0.07550049
11.05957031	-15.24902344	0.07550049
12.05957031	-15.24902344	0.07550049
13.05957031	-15.24902344	0.07550049
14.05957031	-15.24902344	0.07550049
15.05957031	-15.24902344	0.07550049
16.05957031	-15.24902344	0.07550049
17.05957031	-15.24902344	0.07550049
18.05957031	-15.24902344	0.07550049
19.05957031	-15.24902344	0.07550049
20.05957031	-15.24902344	0.07550049
21.05957031	-15.24902344	0.07550049
22.05957031	-15.24902344	0.07550049
23.05957031	-15.24902344	0.07550049
24.05957031	-15.24902344	0.07550049
25.05957031	-15.24902344	0.07550049
26.05957031	-15.24902344	0.07550049
27.05957031	-15.24902344	0.07550049
28.05957031	-15.24902344	0.07550049
-29.94042969	-14.24902344	-0.02073252
-28.94042969	-14.24902344	-0.01636978
-27.94042969	-14.24902344	-0.01457020
-26.94042969	-14.24902344	-0.01384259
-25.94042969	-14.24902344	-0.01357823
-24.94042969	-14.24902344	-0.01348759
-23.94042969	-14.24902344	-0.01343641
-22.94042969	-14.24902344	-0.01341691
-21.94042969	-14.24902344	-0.01340327
-20.94042969	-14.24902344	-0.01339781
-19.94042969	-14.24902344	-0.01300285
-18.94042969	-14.24902344	-0.01219583
-17.94042969	-14.24902344	-0.01137995
-16.94042969	-14.24902344	-0.00602167
-15.94042969	-14.24902344	0.00514946
-14.94042969	-14.24902344	0.00653911
-13.94042969	-14.24902344	0.03150034
-12.94042969	-14.24902344	0.02950048
-11.94042969	-14.24902344	0.01644749
-10.94042969	-14.24902344	0.05950022
-9.94042969	-14.24902344	-0.12288368
-8.94042969	-14.24902344	-0.16949987
-7.94042969	-14.24902344	-0.14849949
-6.94042969	-14.24902344	-0.12349987
-5.94042969	-14.24902344	-0.10949993
-4.94042969	-14.24902344	-0.09749985
-3.94042969	-14.24902344	-0.09049988
-2.94042969	-14.24902344	-0.08649969
-1.94042969	-14.24902344	-0.07749987
-0.94042969	-14.24902344	-0.10149956
0.05957031	-14.24902344	-0.11549950
1.05957031	-14.24902344	-0.15049982
2.05957031	-14.24902344	-0.15549994
3.05957031	-14.24902344	-0.01049995
4.05957031	-14.24902344	0.01850033
5.05957031	-14.24902344	0.03450012
6.05957031	-14.24902344	0.05150032
7.05957031	-14.24902344	0.06650019
8.05957031	-14.24902344	0.10121276
9.05957031	-14.24902344	0.10204741
10.05957031	-14.24902344	0.12579240
11.05957031	-14.24902344	0.14038271
12.05957031	-14.24902344	0.56818216
13.05957031	-14.24902344	0.69720537
14.05957031	-14.24902344	0.73650026
15.05957031	-14.24902344	0.73650026
16.05957031	-14.24902344	0.73650026
17.05957031	-14.24902344	0.73650026
18.05957031	-14.24902344	0.73650026
19.05957031	-14.24902344	0.73650026
20.05957031	-14.24902344	0.73650026
21.05957031	-14.24902344	0.73650026
22.05957031	-14.24902344	0.73650026
23.05957031	-14.24902344	0.73650026
24.05957031	-14.24902344	0.73650026
25.05957031	-14.24902344	0.73650026
26.05957031	-14.24902344	0.73650026
27.05957031	-14.24902344	0.73650026
28.05957031	-14.24902344	0.73650026
-29.94042969	-13.24902344	-0.01158243
-28.94042969	-13.24902344	-0.01056861
-27.94042969	-13.24902344	-0.01012496
-26.94042969	-13.24902344	-0.00994231
-25.94042969	-13.24902344	-0.00987956
-24.94042969	-13.24902344	-0.00985684
-23.94042969	-13.24902344	-0.00984449
-22.94042969	-13.24902344	-0.00983943
-21.94042969	-13.24902344	-0.00981797
-20.94042969	-13.24902344	-0.00980715
-19.94042969	-13.24902344	-0.00967343
-18.94042969	-13.24902344	-0.00927874
-17.94042969	-13.24902344	-0.00864328
-16.94042969	-13.24902344	-0.00407426
-15.94042969	-13.24902344	0.00698089
-14.94042969	-13.24902344	0.02459838
-13.94042969	-13.24902344	0.00550032
-12.94042969	-13.24902344	0.03150034
-11.94042969	-13.24902344	0.01350021
-10.94042969	-13.24902344	-0.13151841
-9.94042969	-13.24902344	-0.01649952
-8.94042969	-13.24902344	-0.17049980
-7.94042969	-13.24902344	-0.15149975
-6.94042969	-13.24902344	-0.12549973
-5.94042969	-13.24902344	-0.11249971
-4.94042969	-13.24902344	-0.09649992
-3.94042969	-13.24902344	-0.09049988
-2.94042969	-13.24902344	-0.08649969
-1.94042969	-13.24902344	-0.08149958
-0.94042969	-13.24902344	-0.10549974
0.05957031	-13.24902344	-0.12649965
1.05957031	-13.24902344	-0.14549971
2.05957031	-13.24902344	-0.14849949
3.05957031	-13.24902344	-0.00049973
4.05957031	-13.24902344	0.01750040
5.05957031	-13.24902344	0.03050041
6.05957031	-13.24902344	0.05450010
7.05957031	-13.24902344	0.06609834
8.05957031	-13.24902344	0.10950041
9.05957031	-13.24902344	0.10950041
10.05957031	-13.24902344	0.10950041
11.05957031	-13.24902344	0.10950041
12.05957031	-13.24902344	0.10950041
13.05957031	-13.24902344	0.10950041
14.05957031	-13.24902344	0.10950041
15.05957031	-13.24902344	0.10950041
16.05957031	-13.24902344	0.10950041
17.05957031	-13.24902344	0.10950041
18.05957031	-13.24902344	0.10950041
19.05957031	-13.24902344	0.10950041
20.05957031	-13.24902344	0.10950041
21.05957031	-13.24902344	0.10950041
22.05957031	-13.24902344	0.10950041
23.05957031	-13.24902344	0.10950041
24.05957031	-13.24902344	0.10950041
25.05957031	-13.24902344	0.10950041
26.05957031	-13.24902344	0.10950041
27.05957031	-13.24902344	0.10950041
28.05957031	-13.24902344	0.10950041
-29.94042969	-12.24902344	-0.00549984
-28.94042969	-12.24902344	-0.00549984
-27.94042969	-12.24902344	-0.00549984
-26.94042969	-12.24902344	-0.00549984
-25.94042969	-12.24902344	-0.00549984
-24.94042969	-12.24902344	-0.00549984
-23.94042969	-12.24902344	-0.00549984
-22.94042969	-12.24902344	-0.00549984
-21.94042969	-12.24902344	-0.00549984
-20.94042969	-12.24902344	-0.00549984
-19.94042969	-12.24902344	-0.00549984
-18.94042969	-12.24902344	-0.00549984
-17.94042969	-12.24902344	-0.00549984
-16.94042969	-12.24902344	-0.00549984
-15.94042969	-12.24902344	-0.00549984
-14.94042969	-12.24902344	-0.00549984
-13.94042969	-12.24902344	0.01850033
-12.94042969	-12.24902344	0.03150034
-11.94042969	-12.24902344	0.00850010
-10.94042969	-12.24902344	-0.00649977
-9.94042969	-12.24902344	-0.12480587
-8.94042969	-12.24902344	-0.14401615
-7.94042969	-12.24902344	-0.15149975
-6.94042969	-12.24902344	-0.12149954
-5.94042969	-12.24902344	-0.11449957
-4.94042969	-12.24902344	-0.10049963
-3.94042969	-12.24902344	-0.08849955
-2.94042969	-12.24902344	-0.08649969
-1.94042969	-12.24902344	-0.09749985
-0.94042969	-12.24902344	-0.10849953
0.05957031	-12.24902344	-0.12549973
1.05957031	-12.24902344	-0.14549971
2.05957031	-12.24902344	-0.15449953
3.05957031	-12.24902344	-0.01249981
4.05957031	-12.24902344	0.01450014
5.05957031	-12.24902344	0.03550005
6.05957031	-12.24902344	0.05250025
7.05957031	-12.24902344	0.08350039
8.05957031	-12.24902344	0.09328834
9.05957031	-12.24902344	0.09489740
10.05957031	-12.24902344	0.11683426
11.05957031	-12.24902344	0.12378257
12.05957031	-12.24902344	0.60821149
13.05957031	-12.24902344	0.61294057
14.05957031	-12.24902344	0.69630299
15.05957031	-12.24902344	0.69735338
16.05957031	-12.24902344	0.72618173
17.05957031	-12.24902344	0.72626297
18.05957031	-12.24902344	0.72713588
19.05957031	-12.24902344	0.72716335
20.05957031	-12.24902344	0.72739826
21.05957031	-12.24902344	0.72740739
22.05957031	-12.24902344	0.72747091
23.05957031	-12.24902344	0.72747392
24.05957031	-12.24902344	0.72749313
25.05957031	-12.24902344	0.72752102
26.05957031	-12.24902344	0.72624827
27.05957031	-12.24902344	0.70030182
28.05957031	-12.24902344	0.70130815
-29.94042969	-11.24902344	0.01450014
-28.94042969	-11.24902344	0.01450014
-27.94042969	-11.24902344	0.01450014
-26.94042969	-11.24902344	0.01450014
-25.94042969	-11.24902344	0.01450014
-24.94042969	-11.24902344	0.01450014
-23.94042969	-11.24902344	0.01450014
-22.94042969	-11.24902344	0.01450014
-21.94042969	-11.24902344	0.01450014
-20.94042969	-11.24902344	0.01450014
-19.94042969	-11.24902344	0.01450014
-18.94042969	-11.24902344	0.01450014
-17.94042969	-11.24902344	0.01450014
-16.94042969	-11.24902344	0.01450014
-15.94042969	-11.24902344	0.01450014
-14.94042969	-11.24902344	0.01450014
-13.94042969	-11.24902344	0.01450014
-12.94042969	-11.24902344	0.02550030
-11.94042969	-11.24902344	0.01050043
-10.94042969	-11.24902344	-0.00349951
-9.94042969	-11.24902344	-0.01349974
-8.94042969	-11.24902344	-0.17649984
-7.94042969	-11.24902344	-0.15749979
-6.94042969	-11.24902344	-0.12849951
-5.94042969	-11.24902344	-0.11649990
-4.94042969	-11.24902344	-0.10249996
-3.94042969	-11.24902344	-0.09149981
-2.94042969	-11.24902344	-0.08449984
-1.94042969	-11.24902344	-0.09849977
-0.94042969	-11.24902344	-0.10649967
0.05957031	-11.24902344	-0.12449980
1.05957031	-11.24902344	-0.14349985
2.05957031	-11.24902344	-0.15149975
3.05957031	-11.24902344	-0.14349985
4.05957031	-11.24902344	0.01050043
5.05957031	-11.24902344	0.02050018
6.05957031	-11.24902344	0.03950024
7.05957031	-11.24902344	0.05850029
8.05957031	-11.24902344	0.20550013
9.05957031	-11.24902344	0.20550013
10.05957031	-11.24902344	0.20550013
11.05957031	-11.24902344	0.20550013
12.05957031	-11.24902344	0.20550013
13.05957031	-11.24902344	0.20550013
14.05957031	-11.24902344	0.20550013
15.05957031	-11.24902344	0.20550013
16.05957031	-11.24902344	0.20550013
17.05957031	-11.24902344	0.20550013
18.05957031	-11.24902344	0.20550013
19.05957031	-11.24902344	0.20550013
20.05957031	-11.24902344	0.20550013
21.05957031	-11.24902344	0.20550013
22.05957031	-11.24902344	0.20550013
23.05957031	-11.24902344	0.20550013
24.05957031	-11.24902344	0.20550013
25.05957031	-11.24902344	0.20550013
26.05957031	-11.24902344	0.20550013
27.05957031	-11.24902344	0.20550013
28.05957031	-11.24902344	0.20550013
-29.94042969	-10.24902344	0.02333020
-28.94042969	-10.24902344	0.02277810
-27.94042969	-10.24902344	0.02431037
-26.94042969	-10.24902344	0.02393928
-25.94042969	-10.24902344	0.02401292
-24.94042969	-10.24902344	0.02378673
-23.94042969	-10.24902344	0.02366321
-22.94042969	-10.24902344	0.02351434
-21.94042969	-10.24902344	0.02339734
-20.94042969	-10.24902344	0.02331811
-19.94042969	-10.24902344	0.02317275
-18.94042969	-10.24902344	0.02327760
-17.94042969	-10.24902344	0.02367329
-16.94042969	-10.24902344	0.02234212
-15.94042969	-10.24902344	0.02290256
-14.94042969	-10.24902344	0.03541111
-13.94042969	-10.24902344	0.02659451
-12.94042969	-10.24902344	0.02050018
-11.94042969	-10.24902344	0.01550007
-10.94042969	-10.24902344	-0.00349951
-9.94042969	-10.24902344	-0.06728055
-8.94042969	-10.24902344	-0.10402984
-7.94042969	-10.24902344	-0.16549969
-6.94042969	-10.24902344	-0.12649965
-5.94042969	-10.24902344	-0.11749983
-4.94042969	-10.24902344	-0.10449982
-3.94042969	-10.24902344	-0.08949995
-2.94042969	-10.24902344	-0.08249950
-1.94042969	-10.24902344	-0.09149981
-0.94042969	-10.24902344	-0.10649967
0.05957031	-10.24902344	-0.12249994
1.05957031	-10.24902344	-0.13749981
2.05957031	-10.24902344	-0.15249968
3.05957031	-10.24902344	-0.16049957
4.05957031	-10.24902344	0.00050020
5.05957031	-10.24902344	0.01550007
6.05957031	-10.24902344	0.04050016
7.05957031	-10.24902344	0.06050014
8.05957031	-10.24902344	0.14650011
9.05957031	-10.24902344	0.12252802
10.05957031	-10.24902344	0.15208248
11.05957031	-10.24902344	0.17632251
12.05957031	-10.24902344	0.45048430
13.05957031	-10.24902344	0.46041574
14.05957031	-10.24902344	0.56761121
15.05957031	-10.24902344	0.57455012
16.05957031	-10.24902344	0.59661584
17.05957031	-10.24902344	0.59661991
18.05957031	-10.24902344	0.59663505
19.05957031	-10.24902344	0.59663623
20.05957031	-10.24902344	0.59664031
21.05957031	-10.24902344	0.59664066
22.05957031	-10.24902344	0.59664176
23.05957031	-10.24902344	0.59664186
24.05957031	-10.24902344	0.59664221
25.05957031	-10.24902344	0.59664291
26.05957031	-10.24902344	0.59661707
27.05957031	-10.24902344	0.60044567
28.05957031	-10.24902344	0.60014771
-29.94042969	-9.24902344	0.02683355
-28.94042969	-9.24902344	0.02650359
-27.94042969	-9.24902344	0.02553807
-26.94042969	-9.24902344	0.02526259
-25.94042969	-9.24902344	0.02455209
-24.94042969	-9.24902344	0.02434941
-23.94042969	-9.24902344	0.02388133
-22.94042969	-9.24902344	0.02372563
-21.94042969	-9.24902344	0.02342312
-20.94042969	-9.24902344	0.02336844
-19.94042969	-9.24902344	0.02313891
-18.94042969	-9.24902344	0.02302016
-17.94042969	-9.24902344	0.02598229
-16.94042969	-9.24902344	0.02464160
-15.94042969	-9.24902344	0.02049458
-14.94042969	-9.24902344	0.01928705
-13.94042969	-9.24902344	0.02138409
-12.94042969	-9.24902344	0.02450037
-11.94042969	-9.24902344	0.01850033
-10.94042969	-9.24902344	-0.06581448
-9.94042969	-9.24902344	-0.00849962
-8.94042969	-9.24902344	-0.03349972
-7.94042969	-9.24902344	-0.16849995
-6.94042969	-9.24902344	-0.13449955
-5.94042969	-9.24902344	-0.11849976
-4.94042969	-9.24902344	-0.10749960
-3.94042969	-9.24902344	-0.09449959
-2.94042969	-9.24902344	-0.08349991
-1.94042969	-9.24902344	-0.09149981
-0.94042969	-9.24902344	-0.09949970
0.05957031	-9.24902344	-0.11849976
1.05957031	-9.24902344	-0.12349987
2.05957031	-9.24902344	-0.14749956
3.05957031	-9.24902344	-0.15349960
4.05957031	-9.24902344	0.00350046
5.05957031	-9.24902344	0.02150011
6.05957031	-9.24902344	0.03850031
7.05957031	-9.24902344	0.05150032
8.05957031	-9.24902344	0.17650032
9.05957031	-9.24902344	0.16564627
10.05957031	-9.24902344	0.16870717
11.05957031	-9.24902344	0.18080633
12.05957031	-9.24902344	0.18594192
13.05957031	-9.24902344	0.28543868
14.05957031	-9.24902344	0.31490061
15.05957031	-9.24902344	0.65550041
16.05957031	-9.24902344	0.65550041
17.05957031	-9.24902344	0.65550041
18.05957031	-9.24902344	0.65550041
19.05957031	-9.24902344	0.65550041
20.05957031	-9.24902344	0.65550041
21.05957031	-9.24902344	0.65550041
22.05957031	-9.24902344	0.65550041
23.05957031	-9.24902344	0.65550041
24.05957031	-9.24902344	0.65550041
25.05957031	-9.24902344	0.65550041
26.05957031	-9.24902344	0.65550041
27.05957031	-9.24902344	0.65550041
28.05957031	-9.24902344	0.65550041
-29.94042969	-8.24902344	0.02731790
-28.94042969	-8.24902344	0.02631838
-27.94042969	-8.24902344	0.02584138
-26.94042969	-8.24902344	0.02519624
-25.94042969	-8.24902344	0.02483989
-24.94042969	-8.24902344	0.02446360
-23.94042969	-8.24902344	0.02424877
-22.94042969	-8.24902344	0.02403849
-21.94042969	-8.24902344	0.02391307
-20.94042969	-8.24902344	0.02378375
-19.94042969	-8.24902344	0.02368282
-18.94042969	-8.24902344	0.02358195
-17.94042969	-8.24902344	0.02348748
-16.94042969	-8.24902344	0.02306897
-15.94042969	-8.24902344	0.02407855
-14.94042969	-8.24902344	0.02852495
-13.94042969	-8.24902344	0.02133669
-12.94042969	-8.24902344	0.04150009
-11.94042969	-8.24902344	0.02750015
-10.94042969	-8.24902344	-0.00049973
-9.94042969	-8.24902344	-0.02358655
-8.94042969	-8.24902344	-0.03249979
-7.94042969	-8.24902344	-0.14891985
-6.94042969	-8.24902344	-0.13949966
-5.94042969	-8.24902344	-0.12349987
-4.94042969	-8.24902344	-0.11449957
-3.94042969	-8.24902344	-0.09849977
-2.94042969	-8.24902344	-0.08849955
-1.94042969	-8.24902344	-0.09249973
-0.94042969	-8.24902344	-0.09949970
0.05957031	-8.24902344	-0.11249971
1.05957031	-8.24902344	-0.12749958
2.05957031	-8.24902344	-0.14849949
3.05957031	-8.24902344	-0.15249968
4.05957031	-8.24902344	-0.00249958
5.05957031	-8.24902344	0.01850033
6.05957031	-8.24902344	0.03050041
7.05957031	-8.24902344	0.04850006
8.05957031	-8.24902344	0.14021640
9.05957031	-8.24902344	0.16729045
10.05957031	-8.24902344	0.17707082
11.05957031	-8.24902344	0.17819028
12.05957031	-8.24902344	0.21365319
13.05957031	-8.24902344	0.30917285
14.05957031	-8.24902344	0.59450006
15.05957031	-8.24902344	0.59450006
16.05957031	-8.24902344	0.59450006
17.05957031	-8.24902344	0.59450006
18.05957031	-8.24902344	0.59450006
19.05957031	-8.24902344	0.59450006
20.05957031	-8.24902344	0.59450006
21.05957031	-8.24902344	0.59450006
22.05957031	-8.24902344	0.59450006
23.05957031	-8.24902344	0.59450006
24.05957031	-8.24902344	0.59450006
25.05957031	-8.24902344	0.59450006
26.05957031	-8.24902344	0.59450006
27.05957031	-8.24902344	0.59450006
28.05957031	-8.24902344	0.59450006
-29.94042969	-7.24902344	0.02425477
-28.94042969	-7.24902344	0.02379176
-27.94042969	-7.24902344	0.02269828
-26.94042969	-7.24902344	0.02237473
-25.94042969	-7.24902344	0.02171824
-24.94042969	-7.24902344	0.02151157
-23.94042969	-7.24902344	0.02115081
-22.94042969	-7.24902344	0.02101337
-21.94042969	-7.24902344	0.02080399
-20.94042969	-7.24902344	0.02073705
-19.94042969	-7.24902344	0.02057246
-18.94042969	-7.24902344	0.02048153
-17.94042969	-7.24902344	0.02196952
-16.94042969	-7.24902344	0.02112082
-15.94042969	-7.24902344	0.02084737
-14.94042969	-7.24902344	0.01845027
-13.94042969	-7.24902344	0.01863456
-12.94042969	-7.24902344	0.01850033
-11.94042969	-7.24902344	0.01950026
-10.94042969	-7.24902344	-0.04674562
-9.94042969	-7.24902344	-0.01849985
-8.94042969	-7.24902344	-0.15498627
-7.94042969	-7.24902344	-0.17649984
-6.94042969	-7.24902344	-0.15149975
-5.94042969	-7.24902344	-0.12249994
-4.94042969	-7.24902344	-0.11549950
-3.94042969	-7.24902344	-0.10049963
-2.94042969	-7.24902344	-0.09149981
-1.94042969	-7.24902344	-0.08449984
-0.94042969	-7.24902344	-0.09349966
0.05957031	-7.24902344	-0.10549974
1.05957031	-7.24902344	-0.12249994
2.05957031	-7.24902344	-0.14349985
3.05957031	-7.24902344	-0.14749956
4.05957031	-7.24902344	0.01882835
5.05957031	-7.24902344	0.01150036
6.05957031	-7.24902344	0.02850008
7.05957031	-7.24902344	0.04150009
8.05957031	-7.24902344	0.06450033
9.05957031	-7.24902344	0.17750025
10.05957031	-7.24902344	0.17750025
11.05957031	-7.24902344	0.17750025
12.05957031	-7.24902344	0.17750025
13.05957031	-7.24902344	0.17750025
14.05957031	-7.24902344	0.17750025
15.05957031	-7.24902344	0.17750025
16.05957031	-7.24902344	0.17750025
17.05957031	-7.24902344	0.17750025
18.05957031	-7.24902344	0.17750025
19.05957031	-7.24902344	0.17750025
20.05957031	-7.24902344	0.17750025
21.05957031	-7.24902344	0.17750025
22.05957031	-7.24902344	0.17750025
23.05957031	-7.24902344	0.17750025
24.05957031	-7.24902344	0.17750025
25.05957031	-7.24902344	0.17750025
26.05957031	-7.24902344	0.17750025
27.05957031	-7.24902344	0.17750025
28.05957031	-7.24902344	0.17750025
-29.94042969	-6.24902344	0.02586391
-28.94042969	-6.24902344	0.02507710
-27.94042969	-6.24902344	0.02412741
-26.94042969	-6.24902344	0.02365658
-25.94042969	-6.24902344	0.02316594
-24.94042969	-6.24902344	0.02289657
-23.94042969	-6.24902344	0.02265385
-22.94042969	-6.24902344	0.02250069
-21.94042969	-6.24902344	0.02237337
-20.94042969	-6.24902344	0.02227122
-19.94042969	-6.24902344	0.02216115
-18.94042969	-6.24902344	0.02206578
-17.94042969	-6.24902344	0.02194027
-16.94042969	-6.24902344	0.02159342
-15.94042969	-6.24902344	0.02392734
-14.94042969	-6.24902344	0.02600583
-13.94042969	-6.24902344	0.02142482
-12.94042969	-6.24902344	0.01923191
-11.94042969	-6.24902344	0.01350021
-10.94042969	-6.24902344	0.00350046
-9.94042969	-6.24902344	-0.01649952
-8.94042969	-6.24902344	-0.14741525
-7.94042969	-6.24902344	-0.18749952
-6.94042969	-6.24902344	-0.16249990
-5.94042969	-6.24902344	-0.13149977
-4.94042969	-6.24902344	-0.12049961
-3.94042969	-6.24902344	-0.10249996
-2.94042969	-6.24902344	-0.09449959
-1.94042969	-6.24902344	-0.08249950
-0.94042969	-6.24902344	-0.09149981
0.05957031	-6.24902344	-0.09849977
1.05957031	-6.24902344	-0.12049961
2.05957031	-6.24902344	-0.13049984
3.05957031	-6.24902344	-0.14849949
4.05957031	-6.24902344	-0.15749979
5.05957031	-6.24902344	0.01750040
6.05957031	-6.24902344	0.02350044
7.05957031	-6.24902344	0.03650045
8.05957031	-6.24902344	0.05350018
9.05957031	-6.24902344	0.16692842
10.05957031	-6.24902344	0.17685241
11.05957031	-6.24902344	0.17812626
12.05957031	-6.24902344	0.21593848
13.05957031	-6.24902344	0.29250985
14.05957031	-6.24902344	0.55801821
15.05957031	-6.24902344	0.56035823
16.05957031	-6.24902344	0.58052971
17.05957031	-6.24902344	0.58085173
18.05957031	-6.24902344	0.58103519
19.05957031	-6.24902344	0.58118791
20.05957031	-6.24902344	0.58128935
21.05957031	-6.24902344	0.58138536
22.05957031	-6.24902344	0.58148691
23.05957031	-6.24902344	0.58144371
24.05957031	-6.24902344	0.58139612
25.05957031	-6.24902344	0.58139605
26.05957031	-6.24902344	0.58148673
27.05957031	-6.24902344	0.55813156
28.05957031	-6.24902344	0.56004017
-29.94042969	-5.24902344	0.02335263
-28.94042969	-5.24902344	0.02300300
-27.94042969	-5.24902344	0.02160054
-26.94042969	-5.24902344	0.02134306
-25.94042969	-5.24902344	0.02034036
-24.94042969	-5.24902344	0.02017306
-23.94042969	-5.24902344	0.01967062
-22.94042969	-5.24902344	0.01956081
-21.94042969	-5.24902344	0.01930925
-20.94042969	-5.24902344	0.01923845
-19.94042969	-5.24902344	0.01905122
-18.94042969	-5.24902344	0.01898657
-17.94042969	-5.24902344	0.01966368
-16.94042969	-5.24902344	0.01934900
-15.94042969	-5.24902344	0.02108190
-14.94042969	-5.24902344	0.01755279
-13.94042969	-5.24902344	0.01927053
-12.94042969	-5.24902344	0.01554177
-11.94042969	-5.24902344	0.01150036
-10.94042969	-5.24902344	-0.00249958
-9.94042969	-5.24902344	-0.02349949
-8.94042969	-5.24902344	-0.03049994
-7.94042969	-5.24902344	-0.12704525
-6.94042969	-5.24902344	-0.16849995
-5.94042969	-5.24902344	-0.15249968
-4.94042969	-5.24902344	-0.12249994
-3.94042969	-5.24902344	-0.10649967
-2.94042969	-5.24902344	-0.09249973
-1.94042969	-5.24902344	-0.07849979
-0.94042969	-5.24902344	-0.09149981
0.05957031	-5.24902344	-0.09449959
1.05957031	-5.24902344	-0.11549950
2.05957031	-5.24902344	-0.12849951
3.05957031	-5.24902344	-0.14749956
4.05957031	-5.24902344	-0.15949965
5.05957031	-5.24902344	0.00550032
6.05957031	-5.24902344	0.01850033
7.05957031	-5.24902344	0.03250027
8.05957031	-5.24902344	0.04750013
9.05957031	-5.24902344	0.12150049
10.05957031	-5.24902344	0.16702965
11.05957031	-5.24902344	0.17462053
12.05957031	-5.24902344	0.18077802
13.05957031	-5.24902344	0.19115980
14.05957031	-5.24902344	0.19839630
15.05957031	-5.24902344	0.24529945
16.05957031	-5.24902344	0.25345742
17.05957031	-5.24902344	0.25705954
18.05957031	-5.24902344	0.26048095
19.05957031	-5.24902344	0.26241819
20.05957031	-5.24902344	0.26387440
21.05957031	-5.24902344	0.26455421
22.05957031	-5.24902344	0.26532446
23.05957031	-5.24902344	0.26820205
24.05957031	-5.24902344	0.26818005
25.05957031	-5.24902344	0.27045637
26.05957031	-5.24902344	0.26860684
27.05957031	-5.24902344	0.26052736
28.05957031	-5.24902344	0.25461589
-29.94042969	-4.24902344	0.04150009
-28.94042969	-4.24902344	0.04150009
-27.94042969	-4.24902344	0.04150009
-26.94042969	-4.24902344	0.04150009
-25.94042969	-4.24902344	0.04150009
-24.94042969	-4.24902344	0.04150009
-23.94042969	-4.24902344	0.04150009
-22.94042969	-4.24902344	0.04150009
-21.94042969	-4.24902344	0.04150009
-20.94042969	-4.24902344	0.04150009
-19.94042969	-4.24902344	0.04150009
-18.94042969	-4.24902344	0.04150009
-17.94042969	-4.24902344	0.04150009
-16.94042969	-4.24902344	0.04150009
-15.94042969	-4.24902344	0.04150009
-14.94042969	-4.24902344	0.04150009
-13.94042969	-4.24902344	0.04150009
-12.94042969	-4.24902344	0.04150009
-11.94042969	-4.24902344	0.02050018
-10.94042969	-4.24902344	0.01650047
-9.94042969	-4.24902344	0.01433434
-8.94042969	-4.24902344	-0.12284391
-7.94042969	-4.24902344	-0.07598777
-6.94042969	-4.24902344	-0.17449951
-5.94042969	-4.24902344	-0.08965412
-4.94042969	-4.24902344	-0.12849951
-3.94042969	-4.24902344	-0.11349964
-2.94042969	-4.24902344	-0.09549952
-1.94042969	-4.24902344	-0.08249950
-0.94042969	-4.24902344	-0.08449984
0.05957031	-4.24902344	-0.09349966
1.05957031	-4.24902344	-0.11749983
2.05957031	-4.24902344	-0.12049961
3.05957031	-4.24902344	-0.14049959
4.05957031	-4.24902344	-0.15349960
5.05957031	-4.24902344	0.01450014
6.05957031	-4.24902344	0.02250004
7.05957031	-4.24902344	0.03550005
8.05957031	-4.24902344	0.05450010
9.05957031	-4.24902344	0.18050051
10.05957031	-4.24902344	0.14346483
11.05957031	-4.24902344	0.15635059
12.05957031	-4.24902344	0.19397313
13.05957031	-4.24902344	0.19334995
14.05957031	-4.24902344	0.21706424
15.05957031	-4.24902344	0.21933839
16.05957031	-4.24902344	0.23179601
17.05957031	-4.24902344	0.23500740
18.05957031	-4.24902344	0.24139451
19.05957031	-4.24902344	0.24400607
20.05957031	-4.24902344	0.24730849
21.05957031	-4.24902344	0.24907311
22.05957031	-4.24902344	0.25083303
23.05957031	-4.24902344	0.25190642
24.05957031	-4.24902344	0.25272312
25.05957031	-4.24902344	0.25346453
26.05957031	-4.24902344	0.25433362
27.05957031	-4.24902344	0.26343909
28.05957031	-4.24902344	0.26669797
-29.94042969	-3.24902344	-0.02340775
-28.94042969	-3.24902344	-0.02347026
-27.94042969	-3.24902344	-0.02612322
-26.94042969	-3.24902344	-0.02612360
-25.94042969	-3.24902344	-0.02612532
-24.94042969	-3.24902344	-0.02612544
-23.94042969	-3.24902344	-0.02612590
-22.94042969	-3.24902344	-0.02612594
-21.94042969	-3.24902344	-0.02612606
-20.94042969	-3.24902344	-0.02612607
-19.94042969	-3.24902344	-0.02612611
-18.94042969	-3.24902344	-0.02612611
-17.94042969	-3.24902344	-0.02612613
-16.94042969	-3.24902344	-0.02612615
-15.94042969	-3.24902344	-0.02612644
-14.94042969	-3.24902344	-0.02612748
-13.94042969	-3.24902344	-0.02611546
-12.94042969	-3.24902344	-0.00182072
-11.94042969	-3.24902344	0.01850033
-10.94042969	-3.24902344	0.00150013
-9.94042969	-3.24902344	-0.02445371
-8.94042969	-3.24902344	-0.03049994
-7.94042969	-3.24902344	-0.09390180
-6.94042969	-3.24902344	-0.18449974
-5.94042969	-3.24902344	-0.17349958
-4.94042969	-3.24902344	-0.12649965
-3.94042969	-3.24902344	-0.11649990
-2.94042969	-3.24902344	-0.09749985
-1.94042969	-3.24902344	-0.08549976
-0.94042969	-3.24902344	-0.08349991
0.05957031	-3.24902344	-0.09249973
1.05957031	-3.24902344	-0.10949993
2.05957031	-3.24902344	-0.12449980
3.05957031	-3.24902344	-0.13649988
4.05957031	-3.24902344	-0.14649963
5.05957031	-3.24902344	-0.03069715
6.05957031	-3.24902344	0.00750017
7.05957031	-3.24902344	0.03250027
8.05957031	-3.24902344	0.05350018
9.05957031	-3.24902344	0.07450008
10.05957031	-3.24902344	0.22083321
11.05957031	-3.24902344	0.22425844
12.05957031	-3.24902344	0.24082848
13.05957031	-3.24902344	0.24163054
14.05957031	-3.24902344	0.24199503
15.05957031	-3.24902344	0.24234744
16.05957031	-3.24902344	0.24253024
17.05957031	-3.24902344	0.24270522
18.05957031	-3.24902344	0.24280642
19.05957031	-3.24902344	0.24289563
20.05957031	-3.24902344	0.24295186
21.05957031	-3.24902344	0.24299825
22.05957031	-3.24902344	0.24303386
23.05957031	-3.24902344	0.24306597
24.05957031	-3.24902344	0.24309361
25.05957031	-3.24902344	0.24313001
26.05957031	-3.24902344	0.24311994
27.05957031	-3.24902344	0.24433664
28.05957031	-3.24902344	0.24329857
-29.94042969	-2.24902344	0.00650024
-28.94042969	-2.24902344	0.00650024
-27.94042969	-2.24902344	0.00650024
-26.94042969	-2.24902344	0.00650024
-25.94042969	-2.24902344	0.00650024
-24.94042969	-2.24902344	0.00650024
-23.94042969	-2.24902344	0.00650024
-22.94042969	-2.24902344	0.00650024
-21.94042969	-2.24902344	0.00650024
-20.94042969	-2.24902344	0.00650024
-19.94042969	-2.24902344	0.00650024
-18.94042969	-2.24902344	0.00650024
-17.94042969	-2.24902344	0.00650024
-16.94042969	-2.24902344	0.00650024
-15.94042969	-2.24902344	0.00650024
-14.94042969	-2.24902344	0.00650024
-13.94042969	-2.24902344	0.00650024
-12.94042969	-2.24902344	0.00650024
-11.94042969	-2.24902344	0.00650024
-10.94042969	-2.24902344	0.01650047
-9.94042969	-2.24902344	-0.01911821
-8.94042969	-2.24902344	-0.03280456
-7.94042969	-2.24902344	0.02150011
-6.94042969	-2.24902344	-0.18649960
-5.94042969	-2.24902344	-0.15499272
-4.94042969	-2.24902344	-0.14349985
-3.94042969	-2.24902344	-0.11949968
-2.94042969	-2.24902344	-0.10349989
-1.94042969	-2.24902344	-0.08849955
-0.94042969	-2.24902344	-0.07949972
0.05957031	-2.24902344	-0.09349966
1.05957031	-2.24902344	-0.10549974
2.05957031	-2.24902344	-0.11749983
3.05957031	-2.24902344	-0.13449955
4.05957031	-2.24902344	-0.14549971
5.05957031	-2.24902344	-0.02349949
6.05957031	-2.24902344	0.00854472
7.05957031	-2.24902344	0.02350044
8.05957031	-2.24902344	0.05050039
9.05957031	-2.24902344	0.06250048
10.05957031	-2.24902344	0.22328373
11.05957031	-2.24902344	0.23943378
12.05957031	-2.24902344	0.24075606
13.05957031	-2.24902344	0.24105579
14.05957031	-2.24902344	0.24172713
15.05957031	-2.24902344	0.24196087
16.05957031	-2.24902344	0.24231157
17.05957031	-2.24902344	0.24247905
18.05957031	-2.24902344	0.24266231
19.05957031	-2.24902344	0.24276863
20.05957031	-2.24902344	0.24286502
21.05957031	-2.24902344	0.24292739
22.05957031	-2.24902344	0.24297999
23.05957031	-2.24902344	0.24301850
24.05957031	-2.24902344	0.24305141
25.05957031	-2.24902344	0.24312641
26.05957031	-2.24902344	0.24317940
27.05957031	-2.24902344	0.24328879
28.05957031	-2.24902344	0.24553161
-29.94042969	-1.24902344	-0.02749968
-28.94042969	-1.24902344	-0.02749968
-27.94042969	-1.24902344	-0.02749968
-26.94042969	-1.24902344	-0.02749968
-25.94042969	-1.24902344	-0.02749968
-24.94042969	-1.24902344	-0.02749968
-23.94042969	-1.24902344	-0.02749968
-22.94042969	-1.24902344	-0.02749968
-21.94042969	-1.24902344	-0.02749968
-20.94042969	-1.24902344	-0.02749968
-19.94042969	-1.24902344	-0.02749968
-18.94042969	-1.24902344	-0.02749968
-17.94042969	-1.24902344	-0.02749968
-16.94042969	-1.24902344	-0.02749968
-15.94042969	-1.24902344	-0.02749968
-14.94042969	-1.24902344	-0.02749968
-13.94042969	-1.24902344	-0.02749968
-12.94042969	-1.24902344	-0.02749968
-11.94042969	-1.24902344	-0.02749968
-10.94042969	-1.24902344	0.00950050
-9.94042969	-1.24902344	-0.00649977
-8.94042969	-1.24902344	-0.02849960
-7.94042969	-1.24902344	-0.03149986
-6.94042969	-1.24902344	-0.19449949
-5.94042969	-1.24902344	-0.13194649
-4.94042969	-1.24902344	-0.14649963
-3.94042969	-1.24902344	-0.12549973
-2.94042969	-1.24902344	-0.10749960
-1.94042969	-1.24902344	-0.09449959
-0.94042969	-1.24902344	-0.07849979
0.05957031	-1.24902344	-0.09449959
1.05957031	-1.24902344	-0.10249996
2.05957031	-1.24902344	-0.11649990
3.05957031	-1.24902344	-0.13649988
4.05957031	-1.24902344	-0.15449953
5.05957031	-1.24902344	-0.15849972
6.05957031	-1.24902344	0.00750017
7.05957031	-1.24902344	0.02650023
8.05957031	-1.24902344	0.04050016
9.05957031	-1.24902344	0.04450035
10.05957031	-1.24902344	0.24250031
11.05957031	-1.24902344	0.24250031
12.05957031	-1.24902344	0.24250031
13.05957031	-1.24902344	0.24250031
14.05957031	-1.24902344	0.24250031
15.05957031	-1.24902344	0.24250031
16.05957031	-1.24902344	0.24250031
17.05957031	-1.24902344	0.24250031
18.05957031	-1.24902344	0.24250031
19.05957031	-1.24902344	0.24250031
20.05957031	-1.24902344	0.24250031
21.05957031	-1.24902344	0.24250031
22.05957031	-1.24902344	0.24250031
23.05957031	-1.24902344	0.24250031
24.05957031	-1.24902344	0.24250031
25.05957031	-1.24902344	0.24250031
26.05957031	-1.24902344	0.24250031
27.05957031	-1.24902344	0.24250031
28.05957031	-1.24902344	0.24250031
-29.94042969	-0.24902344	-0.02983662
-28.94042969	-0.24902344	-0.02937020
-27.94042969	-0.24902344	-0.04528455
-26.94042969	-0.24902344	-0.06281421
-25.94042969	-0.24902344	-0.02153635
-24.94042969	-0.24902344	-0.01430852
-23.94042969	-0.24902344	-0.02624998
-22.94042969	-0.24902344	-0.02624998
-21.94042969	-0.24902344	-0.02624998
-20.94042969	-0.24902344	-0.02624998
-19.94042969	-0.24902344	-0.02624998
-18.94042969	-0.24902344	-0.02624998
-17.94042969	-0.24902344	-0.02624998
-16.94042969	-0.24902344	-0.02624998
-15.94042969	-0.24902344	-0.02624998
-14.94042969	-0.24902344	-0.02624998
-13.94042969	-0.24902344	-0.02624997
-12.94042969	-0.24902344	-0.02596875
-11.94042969	-0.24902344	-0.00191570
-10.94042969	-0.24902344	0.00450039
-9.94042969	-0.24902344	-0.00449991
-8.94042969	-0.24902344	-0.01549959
-7.94042969	-0.24902344	-0.03849983
-6.94042969	-0.24902344	-0.16884811
-5.94042969	-0.24902344	-0.17949963
-4.94042969	-0.24902344	-0.15249968
-3.94042969	-0.24902344	-0.12949991
-2.94042969	-0.24902344	-0.11449957
-1.94042969	-0.24902344	-0.09449959
-0.94042969	-0.24902344	-0.08549976
0.05957031	-0.24902344	-0.09049988
1.05957031	-0.24902344	-0.09849977
2.05957031	-0.24902344	-0.11649990
3.05957031	-0.24902344	-0.12749958
4.05957031	-0.24902344	-0.15049982
5.05957031	-0.24902344	-0.16249990
6.05957031	-0.24902344	-0.00349951
7.05957031	-0.24902344	0.02650023
8.05957031	-0.24902344	0.03950024
9.05957031	-0.24902344	0.04850006
10.05957031	-0.24902344	0.20150042
11.05957031	-0.24902344	0.23870295
12.05957031	-0.24902344	0.24056690
13.05957031	-0.24902344	0.24067775
14.05957031	-0.24902344	0.24153842
15.05957031	-0.24902344	0.24180714
16.05957031	-0.24902344	0.24224331
17.05957031	-0.24902344	0.24246014
18.05957031	-0.24902344	0.24268709
19.05957031	-0.24902344	0.24282765
20.05957031	-0.24902344	0.24294728
21.05957031	-0.24902344	0.24302845
22.05957031	-0.24902344	0.24309116
23.05957031	-0.24902344	0.24314152
24.05957031	-0.24902344	0.24319233
25.05957031	-0.24902344	0.24323630
26.05957031	-0.24902344	0.24334904
27.05957031	-0.24902344	0.24341535
28.05957031	-0.24902344	0.24556411
-29.94042969	0.75097656	-0.04849958
-28.94042969	0.75097656	-0.04849958
-27.94042969	0.75097656	-0.04849958
-26.94042969	0.75097656	-0.04849958
-25.94042969	0.75097656	-0.04849958
-24.94042969	0.75097656	-0.04849958
-23.94042969	0.75097656	-0.04849958
-22.94042969	0.75097656	-0.04849958
-21.94042969	0.75097656	-0.04849958
-20.94042969	0.75097656	-0.04849958
-19.94042969	0.75097656	-0.04849958
-18.94042969	0.75097656	-0.04849958
-17.94042969	0.75097656	-0.04849958
-16.94042969	0.75097656	-0.04849958
-15.94042969	0.75097656	-0.04849958
-14.94042969	0.75097656	-0.04849958
-13.94042969	0.75097656	-0.04849958
-12.94042969	0.75097656	-0.04849958
-11.94042969	0.75097656	-0.04849958
-10.94042969	0.75097656	-0.01149988
-9.94042969	0.75097656	-0.00849962
-8.94042969	0.75097656	-0.02449989
-7.94042969	0.75097656	-0.02649975
-6.94042969	0.75097656	-0.04149961
-5.94042969	0.75097656	-0.17949963
-4.94042969	0.75097656	-0.15949965
-3.94042969	0.75097656	-0.12949991
-2.94042969	0.75097656	-0.11349964
-1.94042969	0.75097656	-0.09949970
-0.94042969	0.75097656	-0.08749962
0.05957031	0.75097656	-0.08649969
1.05957031	0.75097656	-0.09649992
2.05957031	0.75097656	-0.11049986
3.05957031	0.75097656	-0.12749958
4.05957031	0.75097656	-0.14349985
5.05957031	0.75097656	-0.15549994
6.05957031	0.75097656	0.00250006
7.05957031	0.75097656	0.01550007
8.05957031	0.75097656	0.03150034
9.05957031	0.75097656	0.04950047
10.05957031	0.75097656	0.13850021
11.05957031	0.75097656	0.22469569
12.05957031	0.75097656	0.24197833
13.05957031	0.75097656	0.24220376
14.05957031	0.75097656	0.24271608
15.05957031	0.75097656	0.24273017
16.05957031	0.75097656	0.24274034
17.05957031	0.75097656	0.24274546
18.05957031	0.75097656	0.24274998
19.05957031	0.75097656	0.24275242
20.05957031	0.75097656	0.24275460
21.05957031	0.75097656	0.24275580
22.05957031	0.75097656	0.24275682
23.05957031	0.75097656	0.24275751
24.05957031	0.75097656	0.24275816
25.05957031	0.75097656	0.24275817
26.05957031	0.75097656	0.24275871
27.05957031	0.75097656	0.24336032
28.05957031	0.75097656	0.24327974
-29.94042969	1.75097656	-0.06949949
-28.94042969	1.75097656	-0.06949949
-27.94042969	1.75097656	-0.06949949
-26.94042969	1.75097656	-0.06949949
-25.94042969	1.75097656	-0.06949949
-24.94042969	1.75097656	-0.06949949
-23.94042969	1.75097656	-0.06949949
-22.94042969	1.75097656	-0.06949949
-21.94042969	1.75097656	-0.06949949
-20.94042969	1.75097656	-0.06949949
-19.94042969	1.75097656	-0.06949949
-18.94042969	1.75097656	-0.06949949
-17.94042969	1.75097656	-0.06949949
-16.94042969	1.75097656	-0.06949949
-15.94042969	1.75097656	-0.06949949
-14.94042969	1.75097656	-0.06949949
-13.94042969	1.75097656	-0.06949949
-12.94042969	1.75097656	-0.06949949
-11.94042969	1.75097656	-0.06949949
-10.94042969	1.75097656	-0.05449963
-9.94042969	1.75097656	-0.01349974
-8.94042969	1.75097656	-0.02149963
-7.94042969	1.75097656	-0.02549982
-6.94042969	1.75097656	-0.03549957
-5.94042969	1.75097656	-0.17949963
-4.94042969	1.75097656	-0.16149950
-3.94042969	1.75097656	-0.12949991
-2.94042969	1.75097656	-0.11549950
-1.94042969	1.75097656	-0.10149956
-0.94042969	1.75097656	-0.09049988
0.05957031	1.75097656	-0.08249950
1.05957031	1.75097656	-0.09349966
2.05957031	1.75097656	-0.10749960
3.05957031	1.75097656	-0.12449980
4.05957031	1.75097656	-0.14149952
5.05957031	1.75097656	-0.15549994
6.05957031	1.75097656	-0.00949955
7.05957031	1.75097656	0.01250029
8.05957031	1.75097656	0.02850008
9.05957031	1.75097656	0.04850006
10.05957031	1.75097656	0.05350018
11.05957031	1.75097656	0.14230327
12.05957031	1.75097656	0.15872031
13.05957031	1.75097656	0.18576429
14.05957031	1.75097656	0.20780111
15.05957031	1.75097656	0.22491857
16.05957031	1.75097656	0.23504369
17.05957031	1.75097656	0.24383309
18.05957031	1.75097656	0.24803750
19.05957031	1.75097656	0.25191328
20.05957031	1.75097656	0.25364669
21.05957031	1.75097656	0.25526317
22.05957031	1.75097656	0.25597584
23.05957031	1.75097656	0.25663486
24.05957031	1.75097656	0.25766258
25.05957031	1.75097656	0.25828280
26.05957031	1.75097656	0.25814818
27.05957031	1.75097656	0.26317833
28.05957031	1.75097656	0.26449181
-29.94042969	2.75097656	-0.05349970
-28.94042969	2.75097656	-0.05349970
-27.94042969	2.75097656	-0.05349970
-26.94042969	2.75097656	-0.05349970
-25.94042969	2.75097656	-0.05349970
-24.94042969	2.75097656	-0.05349970
-23.94042969	2.75097656	-0.05349970
-22.94042969	2.75097656	-0.05349970
-21.94042969	2.75097656	-0.05349970
-20.94042969	2.75097656	-0.05349970
-19.94042969	2.75097656	-0.05349970
-18.94042969	2.75097656	-0.05349970
-17.94042969	2.75097656	-0.05349970
-16.94042969	2.75097656	-0.05349970
-15.94042969	2.75097656	-0.05349970
-14.94042969	2.75097656	-0.05349970
-13.94042969	2.75097656	-0.05349970
-12.94042969	2.75097656	-0.05349970
-11.94042969	2.75097656	-0.05349970
-10.94042969	2.75097656	-0.05349970
-9.94042969	2.75097656	0.00150013
-8.94042969	2.75097656	-0.00549984
-7.94042969	2.75097656	-0.02853696
-6.94042969	2.75097656	-0.02549982
-5.94042969	2.75097656	-0.12569874
-4.94042969	2.75097656	-0.17849970
-3.94042969	2.75097656	-0.14749956
-2.94042969	2.75097656	-0.12449980
-1.94042969	2.75097656	-0.10649967
-0.94042969	2.75097656	-0.09049988
0.05957031	2.75097656	-0.08049965
1.05957031	2.75097656	-0.09749985
2.05957031	2.75097656	-0.10249996
3.05957031	2.75097656	-0.12249994
4.05957031	2.75097656	-0.13949966
5.05957031	2.75097656	-0.15549994
6.05957031	2.75097656	-0.14349985
7.05957031	2.75097656	0.00850010
8.05957031	2.75097656	0.02350044
9.05957031	2.75097656	0.03850031
10.05957031	2.75097656	0.04750013
11.05957031	2.75097656	0.24850035
12.05957031	2.75097656	0.24850035
13.05957031	2.75097656	0.24850035
14.05957031	2.75097656	0.24850035
15.05957031	2.75097656	0.24850035
16.05957031	2.75097656	0.24850035
17.05957031	2.75097656	0.24850035
18.05957031	2.75097656	0.24850035
19.05957031	2.75097656	0.24850035
20.05957031	2.75097656	0.24850035
21.05957031	2.75097656	0.24850035
22.05957031	2.75097656	0.24850035
23.05957031	2.75097656	0.24850035
24.05957031	2.75097656	0.24850035
25.05957031	2.75097656	0.24850035
26.05957031	2.75097656	0.24850035
27.05957031	2.75097656	0.24850035
28.05957031	2.75097656	0.24850035
-29.94042969	3.75097656	-0.07449961
-28.94042969	3.75097656	-0.07449961
-27.94042969	3.75097656	-0.07449961
-26.94042969	3.75097656	-0.07449961
-25.94042969	3.75097656	-0.07449961
-24.94042969	3.75097656	-0.07449961
-23.94042969	3.75097656	-0.07449961
-22.94042969	3.75097656	-0.07449961
-21.94042969	3.75097656	-0.07449961
-20.94042969	3.75097656	-0.07449961
-19.94042969	3.75097656	-0.07449961
-18.94042969	3.75097656	-0.07449961
-17.94042969	3.75097656	-0.07449961
-16.94042969	3.75097656	-0.07449961
-15.94042969	3.75097656	-0.07449961
-14.94042969	3.75097656	-0.07449961
-13.94042969	3.75097656	-0.07449961
-12.94042969	3.75097656	-0.07449961
-11.94042969	3.75097656	-0.07449961
-10.94042969	3.75097656	-0.07449961
-9.94042969	3.75097656	0.00750017
-8.94042969	3.75097656	0.00150013
-7.94042969	3.75097656	-0.01349974
-6.94042969	3.75097656	-0.01883895
-5.94042969	3.75097656	-0.20249987
-4.94042969	3.75097656	-0.09374114
-3.94042969	3.75097656	-0.15649986
-2.94042969	3.75097656	-0.13149977
-1.94042969	3.75097656	-0.11249971
-0.94042969	3.75097656	-0.09149981
0.05957031	3.75097656	-0.07649994
1.05957031	3.75097656	-0.08749962
2.05957031	3.75097656	-0.10149956
3.05957031	3.75097656	-0.11849976
4.05957031	3.75097656	-0.13749981
5.05957031	3.75097656	-0.15649986
6.05957031	3.75097656	-0.17349958
7.05957031	3.75097656	-0.00580550
8.05957031	3.75097656	0.01250029
9.05957031	3.75097656	0.03150034
10.05957031	3.75097656	0.05250025
11.05957031	3.75097656	0.21550035
12.05957031	3.75097656	0.15024196
13.05957031	3.75097656	0.19293248
14.05957031	3.75097656	0.21887350
15.05957031	3.75097656	0.23601319
16.05957031	3.75097656	0.24670119
17.05957031	3.75097656	0.25338780
18.05957031	3.75097656	0.25774199
19.05957031	3.75097656	0.26046051
20.05957031	3.75097656	0.26224872
21.05957031	3.75097656	0.26336216
22.05957031	3.75097656	0.26409680
23.05957031	3.75097656	0.26454199
24.05957031	3.75097656	0.26488037
25.05957031	3.75097656	0.26513485
26.05957031	3.75097656	0.26439642
27.05957031	3.75097656	0.26488440
28.05957031	3.75097656	0.27121008
-29.94042969	4.75097656	-0.05249977
-28.94042969	4.75097656	-0.05249977
-27.94042969	4.75097656	-0.05249977
-26.94042969	4.75097656	-0.05249977
-25.94042969	4.75097656	-0.05249977
-24.94042969	4.75097656	-0.05249977
-23.94042969	4.75097656	-0.05249977
-22.94042969	4.75097656	-0.05249977
-21.94042969	4.75097656	-0.05249977
-20.94042969	4.75097656	-0.05249977
-19.94042969	4.75097656	-0.05249977
-18.94042969	4.75097656	-0.05249977
-17.94042969	4.75097656	-0.05249977
-16.94042969	4.75097656	-0.05249977
-15.94042969	4.75097656	-0.05249977
-14.94042969	4.75097656	-0.05249977
-13.94042969	4.75097656	-0.05249977
-12.94042969	4.75097656	-0.05249977
-11.94042969	4.75097656	-0.05249977
-10.94042969	4.75097656	-0.05249977
-9.94042969	4.75097656	0.01650047
-8.94042969	4.75097656	-0.00549984
-7.94042969	4.75097656	-0.02049971
-6.94042969	4.75097656	-0.03349972
-5.94042969	4.75097656	-0.03749990
-4.94042969	4.75097656	-0.18749952
-3.94042969	4.75097656	-0.16549969
-2.94042969	4.75097656	-0.14149952
-1.94042969	4.75097656	-0.12049961
-0.94042969	4.75097656	-0.09849977
0.05957031	4.75097656	-0.08149958
1.05957031	4.75097656	-0.08649969
2.05957031	4.75097656	-0.09349966
3.05957031	4.75097656	-0.11249971
4.05957031	4.75097656	-0.12749958
5.05957031	4.75097656	-0.15349960
6.05957031	4.75097656	-0.16749954
7.05957031	4.75097656	-0.00349951
8.05957031	4.75097656	0.01050043
9.05957031	4.75097656	0.02950048
10.05957031	4.75097656	0.04650021
11.05957031	4.75097656	0.27650023
12.05957031	4.75097656	0.20749468
13.05957031	4.75097656	0.22857305
14.05957031	4.75097656	0.24133935
15.05957031	4.75097656	0.25054047
16.05957031	4.75097656	0.25574939
17.05957031	4.75097656	0.25959687
18.05957031	4.75097656	0.26172930
19.05957031	4.75097656	0.26333564
20.05957031	4.75097656	0.26421208
21.05957031	4.75097656	0.26489466
22.05957031	4.75097656	0.26507654
23.05957031	4.75097656	0.26531595
24.05957031	4.75097656	0.26614633
25.05957031	4.75097656	0.26487455
26.05957031	4.75097656	0.26395963
27.05957031	4.75097656	0.26510547
28.05957031	4.75097656	0.26479358
-29.94042969	5.75097656	-0.06524916
-28.94042969	5.75097656	-0.06568045
-27.94042969	5.75097656	-0.06572610
-26.94042969	5.75097656	-0.06576807
-25.94042969	5.75097656	-0.06576944
-24.94042969	5.75097656	-0.06576972
-23.94042969	5.75097656	-0.06576990
-22.94042969	5.75097656	-0.06577003
-21.94042969	5.75097656	-0.06577016
-20.94042969	5.75097656	-0.06577032
-19.94042969	5.75097656	-0.06577049
-18.94042969	5.75097656	-0.06577059
-17.94042969	5.75097656	-0.06577094
-16.94042969	5.75097656	-0.06575049
-15.94042969	5.75097656	-0.06574122
-14.94042969	5.75097656	-0.06229142
-13.94042969	5.75097656	-0.06182788
-12.94042969	5.75097656	-0.06351440
-11.94042969	5.75097656	-0.03509652
-10.94042969	5.75097656	-0.01343361
-9.94042969	5.75097656	-0.02249956
-8.94042969	5.75097656	-0.00649977
-7.94042969	5.75097656	-0.03749990
-6.94042969	5.75097656	-0.09552667
-5.94042969	5.75097656	-0.04149961
-4.94042969	5.75097656	-0.18949986
-3.94042969	5.75097656	-0.16749954
-2.94042969	5.75097656	-0.13849974
-1.94042969	5.75097656	-0.12349987
-0.94042969	5.75097656	-0.09849977
0.05957031	5.75097656	-0.08049965
1.05957031	5.75097656	-0.07949972
2.05957031	5.75097656	-0.09249973
3.05957031	5.75097656	-0.11149979
4.05957031	5.75097656	-0.12849951
5.05957031	5.75097656	-0.14849949
6.05957031	5.75097656	-0.16449976
7.05957031	5.75097656	-0.00249958
8.05957031	5.75097656	0.00750017
9.05957031	5.75097656	0.02250004
10.05957031	5.75097656	0.04350042
11.05957031	5.75097656	0.07950020
12.05957031	5.75097656	0.16542626
13.05957031	5.75097656	0.20613779
14.05957031	5.75097656	0.22833215
15.05957031	5.75097656	0.24418360
16.05957031	5.75097656	0.25306124
17.05957031	5.75097656	0.25929969
18.05957031	5.75097656	0.26286815
19.05957031	5.75097656	0.26541154
20.05957031	5.75097656	0.26687204
21.05957031	5.75097656	0.26791260
22.05957031	5.75097656	0.26836354
23.05957031	5.75097656	0.26874186
24.05957031	5.75097656	0.26901259
25.05957031	5.75097656	0.26787175
26.05957031	5.75097656	0.26729072
27.05957031	5.75097656	0.26733949
28.05957031	5.75097656	0.27388793
-29.94042969	6.75097656	-0.05757569
-28.94042969	6.75097656	-0.05899021
-27.94042969	6.75097656	-0.05907836
-26.94042969	6.75097656	-0.05924181
-25.94042969	6.75097656	-0.05927052
-24.94042969	6.75097656	-0.05927830
-23.94042969	6.75097656	-0.05927918
-22.94042969	6.75097656	-0.05927971
-21.94042969	6.75097656	-0.05927988
-20.94042969	6.75097656	-0.05928011
-19.94042969	6.75097656	-0.05928034
-18.94042969	6.75097656	-0.05928059
-17.94042969	6.75097656	-0.05928089
-16.94042969	6.75097656	-0.05928121
-15.94042969	6.75097656	-0.05928140
-14.94042969	6.75097656	-0.05928207
-13.94042969	6.75097656	-0.05921473
-12.94042969	6.75097656	-0.05846249
-11.94042969	6.75097656	-0.04710795
-10.94042969	6.75097656	-0.02285745
-9.94042969	6.75097656	-0.05749989
-8.94042969	6.75097656	-0.01849985
-7.94042969	6.75097656	-0.03849983
-6.94042969	6.75097656	-0.03749990
-5.94042969	6.75097656	-0.05449963
-4.94042969	6.75097656	-0.19949961
-3.94042969	6.75097656	-0.18049955
-2.94042969	6.75097656	-0.14649963
-1.94042969	6.75097656	-0.11949968
-0.94042969	6.75097656	-0.09649992
0.05957031	6.75097656	-0.08549976
1.05957031	6.75097656	-0.07949972
2.05957031	6.75097656	-0.09449959
3.05957031	6.75097656	-0.11349964
4.05957031	6.75097656	-0.12749958
5.05957031	6.75097656	-0.14949989
6.05957031	6.75097656	-0.16349983
7.05957031	6.75097656	0.00472635
8.05957031	6.75097656	0.00750017
9.05957031	6.75097656	0.02050018
10.05957031	6.75097656	0.03650045
11.05957031	6.75097656	0.05250025
12.05957031	6.75097656	0.18323637
13.05957031	6.75097656	0.21064781
14.05957031	6.75097656	0.23046411
15.05957031	6.75097656	0.24405561
16.05957031	6.75097656	0.25193789
17.05957031	6.75097656	0.25827698
18.05957031	6.75097656	0.26149676
19.05957031	6.75097656	0.26427174
20.05957031	6.75097656	0.26559841
21.05957031	6.75097656	0.26678015
22.05957031	6.75097656	0.26725466
23.05957031	6.75097656	0.26772270
24.05957031	6.75097656	0.26811978
25.05957031	6.75097656	0.26737868
26.05957031	6.75097656	0.26638084
27.05957031	6.75097656	0.26705390
28.05957031	6.75097656	0.26620135
-29.94042969	7.75097656	-0.07349968
-28.94042969	7.75097656	-0.07349968
-27.94042969	7.75097656	-0.07349968
-26.94042969	7.75097656	-0.07349968
-25.94042969	7.75097656	-0.07349968
-24.94042969	7.75097656	-0.07349968
-23.94042969	7.75097656	-0.07349968
-22.94042969	7.75097656	-0.07349968
-21.94042969	7.75097656	-0.07349968
-20.94042969	7.75097656	-0.07349968
-19.94042969	7.75097656	-0.07349968
-18.94042969	7.75097656	-0.07349968
-17.94042969	7.75097656	-0.07349968
-16.94042969	7.75097656	-0.07349968
-15.94042969	7.75097656	-0.07349968
-14.94042969	7.75097656	-0.07349968
-13.94042969	7.75097656	-0.07349968
-12.94042969	7.75097656	-0.07349968
-11.94042969	7.75097656	-0.07349968
-10.94042969	7.75097656	-0.07349968
-9.94042969	7.75097656	-0.07349968
-8.94042969	7.75097656	-0.02549982
-7.94042969	7.75097656	-0.04049969
-6.94042969	7.75097656	-0.05249977
-5.94042969	7.75097656	-0.07522467
-4.94042969	7.75097656	-0.09666989
-3.94042969	7.75097656	-0.14518823
-2.94042969	7.75097656	-0.15149975
-1.94042969	7.75097656	-0.11549950
-0.94042969	7.75097656	-0.09649992
0.05957031	7.75097656	-0.08849955
1.05957031	7.75097656	-0.07549953
2.05957031	7.75097656	-0.09649992
3.05957031	7.75097656	-0.10749960
4.05957031	7.75097656	-0.12949991
5.05957031	7.75097656	-0.14649963
6.05957031	7.75097656	-0.16549969
7.05957031	7.75097656	-0.18849993
8.05957031	7.75097656	0.00150013
9.05957031	7.75097656	0.01250029
10.05957031	7.75097656	0.03550005
11.05957031	7.75097656	0.04450035
12.05957031	7.75097656	0.32150030
13.05957031	7.75097656	0.32150030
14.05957031	7.75097656	0.32150030
15.05957031	7.75097656	0.32150030
16.05957031	7.75097656	0.32150030
17.05957031	7.75097656	0.32150030
18.05957031	7.75097656	0.32150030
19.05957031	7.75097656	0.32150030
20.05957031	7.75097656	0.32150030
21.05957031	7.75097656	0.32150030
22.05957031	7.75097656	0.32150030
23.05957031	7.75097656	0.32150030
24.05957031	7.75097656	0.32150030
25.05957031	7.75097656	0.32150030
26.05957031	7.75097656	0.32150030
27.05957031	7.75097656	0.32150030
28.05957031	7.75097656	0.32150030
-29.94042969	8.75097656	-0.04120585
-28.94042969	8.75097656	-0.04117257
-27.94042969	8.75097656	-0.03511056
-26.94042969	8.75097656	-0.03508944
-25.94042969	8.75097656	-0.03432502
-24.94042969	8.75097656	-0.03436205
-23.94042969	8.75097656	-0.03455885
-22.94042969	8.75097656	-0.03463195
-21.94042969	8.75097656	-0.03486717
-20.94042969	8.75097656	-0.03497622
-19.94042969	8.75097656	-0.03517530
-18.94042969	8.75097656	-0.03534199
-17.94042969	8.75097656	-0.03555242
-16.94042969	8.75097656	-0.03577684
-15.94042969	8.75097656	-0.03612572
-14.94042969	8.75097656	-0.03606270
-13.94042969	8.75097656	-0.03523149
-12.94042969	8.75097656	-0.03582503
-11.94042969	8.75097656	-0.03653973
-10.94042969	8.75097656	-0.03262619
-9.94042969	8.75097656	-0.02604583
-8.94042969	8.75097656	-0.03249979
-7.94042969	8.75097656	-0.03949976
-6.94042969	8.75097656	-0.05498782
-5.94042969	8.75097656	-0.05349970
-4.94042969	8.75097656	-0.07349968
-3.94042969	8.75097656	-0.19249964
-2.94042969	8.75097656	-0.11457859
-1.94042969	8.75097656	-0.12049961
-0.94042969	8.75097656	-0.09349966
0.05957031	8.75097656	-0.09449959
1.05957031	8.75097656	-0.08349991
2.05957031	8.75097656	-0.09249973
3.05957031	8.75097656	-0.10449982
4.05957031	8.75097656	-0.12549973
5.05957031	8.75097656	-0.14349985
6.05957031	8.75097656	-0.16649961
7.05957031	8.75097656	-0.17149973
8.05957031	8.75097656	-0.00949955
9.05957031	8.75097656	0.00350046
10.05957031	8.75097656	0.02550030
11.05957031	8.75097656	0.03950024
12.05957031	8.75097656	0.25350046
13.05957031	8.75097656	0.14023657
14.05957031	8.75097656	0.14759892
15.05957031	8.75097656	0.18751208
16.05957031	8.75097656	0.19432346
17.05957031	8.75097656	0.20801975
18.05957031	8.75097656	0.21115888
19.05957031	8.75097656	0.21547512
20.05957031	8.75097656	0.21670054
21.05957031	8.75097656	0.21805134
22.05957031	8.75097656	0.21849804
23.05957031	8.75097656	0.21895747
24.05957031	8.75097656	0.21891206
25.05957031	8.75097656	0.21857854
26.05957031	8.75097656	0.21836198
27.05957031	8.75097656	0.20738048
28.05957031	8.75097656	0.20247793
-29.94042969	9.75097656	-0.02614833
-28.94042969	9.75097656	-0.02610971
-27.94042969	9.75097656	-0.02299304
-26.94042969	9.75097656	-0.02300421
-25.94042969	9.75097656	-0.02260903
-24.94042969	9.75097656	-0.02270154
-23.94042969	9.75097656	-0.02276929
-22.94042969	9.75097656	-0.02289892
-21.94042969	9.75097656	-0.02303442
-20.94042969	9.75097656	-0.02320532
-19.94042969	9.75097656	-0.02340833
-18.94042969	9.75097656	-0.02370470
-17.94042969	9.75097656	-0.02414474
-16.94042969	9.75097656	-0.02457475
-15.94042969	9.75097656	-0.02535409
-14.94042969	9.75097656	-0.02620540
-13.94042969	9.75097656	-0.02696640
-12.94042969	9.75097656	-0.02571297
-11.94042969	9.75097656	-0.02879208
-10.94042969	9.75097656	-0.03663750
-9.94042969	9.75097656	-0.01705412
-8.94042969	9.75097656	-0.04049969
-7.94042969	9.75097656	-0.04349995
-6.94042969	9.75097656	-0.04849958
-5.94042969	9.75097656	-0.04549980
-4.94042969	9.75097656	-0.06049967
-3.94042969	9.75097656	-0.19949961
-2.94042969	9.75097656	-0.11958147
-1.94042969	9.75097656	-0.13749981
-0.94042969	9.75097656	-0.11849976
0.05957031	9.75097656	-0.10449982
1.05957031	9.75097656	-0.08649969
2.05957031	9.75097656	-0.08949995
3.05957031	9.75097656	-0.10149956
4.05957031	9.75097656	-0.12149954
5.05957031	9.75097656	-0.13249969
6.05957031	9.75097656	-0.16549969
7.05957031	9.75097656	-0.17349958
8.05957031	9.75097656	-0.00749969
9.05957031	9.75097656	0.01350021
10.05957031	9.75097656	0.02050018
11.05957031	9.75097656	0.04150009
12.05957031	9.75097656	0.10550022
13.05957031	9.75097656	0.17097581
14.05957031	9.75097656	0.09624217
15.05957031	9.75097656	0.22508132
16.05957031	9.75097656	0.23565313
17.05957031	9.75097656	0.24211242
18.05957031	9.75097656	0.24594480
19.05957031	9.75097656	0.24743126
20.05957031	9.75097656	0.24849104
21.05957031	9.75097656	0.24895997
22.05957031	9.75097656	0.24928885
23.05957031	9.75097656	0.24926611
24.05957031	9.75097656	0.24899726
25.05957031	9.75097656	0.24909724
26.05957031	9.75097656	0.24752529
27.05957031	9.75097656	0.24139948
28.05957031	9.75097656	0.23368491
-29.94042969	10.75097656	-0.02698901
-28.94042969	10.75097656	-0.02436957
-27.94042969	10.75097656	-0.02315955
-26.94042969	10.75097656	-0.02277549
-25.94042969	10.75097656	-0.02276364
-24.94042969	10.75097656	-0.02285594
-23.94042969	10.75097656	-0.02298595
-22.94042969	10.75097656	-0.02312112
-21.94042969	10.75097656	-0.02325835
-20.94042969	10.75097656	-0.02339761
-19.94042969	10.75097656	-0.02355641
-18.94042969	10.75097656	-0.02374773
-17.94042969	10.75097656	-0.02400749
-16.94042969	10.75097656	-0.02438326
-15.94042969	10.75097656	-0.02501216
-14.94042969	10.75097656	-0.02579723
-13.94042969	10.75097656	-0.02671633
-12.94042969	10.75097656	-0.02775791
-11.94042969	10.75097656	-0.02845007
-10.94042969	10.75097656	-0.02837708
-9.94042969	10.75097656	-0.03671713
-8.94042969	10.75097656	-0.03249979
-7.94042969	10.75097656	-0.02249956
-6.94042969	10.75097656	-0.03349972
-5.94042969	10.75097656	-0.03149986
-4.94042969	10.75097656	-0.06549978
-3.94042969	10.75097656	-0.17864741
-2.94042969	10.75097656	-0.17207602
-1.94042969	10.75097656	-0.14449978
-0.94042969	10.75097656	-0.13049984
0.05957031	10.75097656	-0.10649967
1.05957031	10.75097656	-0.09049988
2.05957031	10.75097656	-0.08349991
3.05957031	10.75097656	-0.09849977
4.05957031	10.75097656	-0.11449957
5.05957031	10.75097656	-0.13549995
6.05957031	10.75097656	-0.15849972
7.05957031	10.75097656	-0.17149973
8.05957031	10.75097656	-0.01364455
9.05957031	10.75097656	-0.00749969
10.05957031	10.75097656	0.01850033
11.05957031	10.75097656	0.04150009
12.05957031	10.75097656	0.03050041
13.05957031	10.75097656	0.17723242
14.05957031	10.75097656	0.20728880
15.05957031	10.75097656	0.18764849
16.05957031	10.75097656	0.19543248
17.05957031	10.75097656	0.20294415
18.05957031	10.75097656	0.20532290
19.05957031	10.75097656	0.20757439
20.05957031	10.75097656	0.20839440
21.05957031	10.75097656	0.20909998
22.05957031	10.75097656	0.20938212
23.05957031	10.75097656	0.20957686
24.05957031	10.75097656	0.20949729
25.05957031	10.75097656	0.20929423
26.05957031	10.75097656	0.20840175
27.05957031	10.75097656	0.19991228
28.05957031	10.75097656	0.16154998
-29.94042969	11.75097656	-0.01808413
-28.94042969	11.75097656	-0.01758179
-27.94042969	11.75097656	-0.01648484
-26.94042969	11.75097656	-0.01643773
-25.94042969	11.75097656	-0.01634825
-24.94042969	11.75097656	-0.01644493
-23.94042969	11.75097656	-0.01653012
-22.94042969	11.75097656	-0.01664772
-21.94042969	11.75097656	-0.01676500
-20.94042969	11.75097656	-0.01690836
-19.94042969	11.75097656	-0.01707870
-18.94042969	11.75097656	-0.01731974
-17.94042969	11.75097656	-0.01767433
-16.94042969	11.75097656	-0.01809392
-15.94042969	11.75097656	-0.01880071
-14.94042969	11.75097656	-0.01964438
-13.94042969	11.75097656	-0.02051156
-12.94042969	11.75097656	-0.02042843
-11.94042969	11.75097656	-0.02612003
-10.94042969	11.75097656	-0.03576355
-9.94042969	11.75097656	-0.02048911
-8.94042969	11.75097656	-0.04249954
-7.94042969	11.75097656	-0.01249981
-6.94042969	11.75097656	-0.01949978
-5.94042969	11.75097656	-0.15749583
-4.94042969	11.75097656	-0.14815891
-3.94042969	11.75097656	-0.21149969
-2.94042969	11.75097656	-0.14092002
-1.94042969	11.75097656	-0.15949965
-0.94042969	11.75097656	-0.13249969
0.05957031	11.75097656	-0.10849953
1.05957031	11.75097656	-0.09349966
2.05957031	11.75097656	-0.08049965
3.05957031	11.75097656	-0.09549952
4.05957031	11.75097656	-0.11049986
5.05957031	11.75097656	-0.13049984
6.05957031	11.75097656	-0.15249968
7.05957031	11.75097656	-0.17349958
8.05957031	11.75097656	-0.01549959
9.05957031	11.75097656	0.00450039
10.05957031	11.75097656	0.02250004
11.05957031	11.75097656	0.03850031
12.05957031	11.75097656	0.04550028
13.05957031	11.75097656	0.22950029
14.05957031	11.75097656	0.22950029
15.05957031	11.75097656	0.22950029
16.05957031	11.75097656	0.22950029
17.05957031	11.75097656	0.22950029
18.05957031	11.75097656	0.22950029
19.05957031	11.75097656	0.22950029
20.05957031	11.75097656	0.22950029
21.05957031	11.75097656	0.22950029
22.05957031	11.75097656	0.22950029
23.05957031	11.75097656	0.22950029
24.05957031	11.75097656	0.22950029
25.05957031	11.75097656	0.22950029
26.05957031	11.75097656	0.22950029
27.05957031	11.75097656	0.22950029
28.05957031	11.75097656	0.22950029
-29.94042969	12.75097656	-0.01731196
-28.94042969	12.75097656	-0.01745209
-27.94042969	12.75097656	-0.01814553
-26.94042969	12.75097656	-0.01804141
-25.94042969	12.75097656	-0.01826547
-24.94042969	12.75097656	-0.01837564
-23.94042969	12.75097656	-0.01853864
-22.94042969	12.75097656	-0.01866233
-21.94042969	12.75097656	-0.01879726
-20.94042969	12.75097656	-0.01892659
-19.94042969	12.75097656	-0.01908109
-18.94042969	12.75097656	-0.01927035
-17.94042969	12.75097656	-0.01953321
-16.94042969	12.75097656	-0.01991780
-15.94042969	12.75097656	-0.02053654
-14.94042969	12.75097656	-0.02132231
-13.94042969	12.75097656	-0.02223018
-12.94042969	12.75097656	-0.02341824
-11.94042969	12.75097656	-0.02700269
-10.94042969	12.75097656	-0.02647462
-9.94042969	12.75097656	-0.03880212
-8.94042969	12.75097656	-0.02160966
-7.94042969	12.75097656	0.00250006
-6.94042969	12.75097656	-0.02549982
-5.94042969	12.75097656	-0.04302965
-4.94042969	12.75097656	-0.17700436
-3.94042969	12.75097656	-0.21249962
-2.94042969	12.75097656	-0.19649982
-1.94042969	12.75097656	-0.16449976
-0.94042969	12.75097656	-0.13549995
0.05957031	12.75097656	-0.11449957
1.05957031	12.75097656	-0.09749985
2.05957031	12.75097656	-0.07949972
3.05957031	12.75097656	-0.09249973
4.05957031	12.75097656	-0.10749960
5.05957031	12.75097656	-0.13249969
6.05957031	12.75097656	-0.14849949
7.05957031	12.75097656	-0.17149973
8.05957031	12.75097656	-0.18949986
9.05957031	12.75097656	0.00850010
10.05957031	12.75097656	0.02450037
11.05957031	12.75097656	0.03350019
12.05957031	12.75097656	0.04750013
13.05957031	12.75097656	0.14250040
14.05957031	12.75097656	0.14250040
15.05957031	12.75097656	0.14250040
16.05957031	12.75097656	0.14250040
17.05957031	12.75097656	0.14250040
18.05957031	12.75097656	0.14250040
19.05957031	12.75097656	0.14250040
20.05957031	12.75097656	0.14250040
21.05957031	12.75097656	0.14250040
22.05957031	12.75097656	0.14250040
23.05957031	12.75097656	0.14250040
24.05957031	12.75097656	0.14250040
25.05957031	12.75097656	0.14250040
26.05957031	12.75097656	0.14250040
27.05957031	12.75097656	0.14250040
28.05957031	12.75097656	0.14250040
-29.94042969	13.75097656	-0.01258039
-28.94042969	13.75097656	-0.01243925
-27.94042969	13.75097656	-0.01419298
-26.94042969	13.75097656	-0.01424188
-25.94042969	13.75097656	-0.01455235
-24.94042969	13.75097656	-0.01465832
-23.94042969	13.75097656	-0.01477526
-22.94042969	13.75097656	-0.01488419
-21.94042969	13.75097656	-0.01498709
-20.94042969	13.75097656	-0.01511512
-19.94042969	13.75097656	-0.01526252
-18.94042969	13.75097656	-0.01547439
-17.94042969	13.75097656	-0.01577086
-16.94042969	13.75097656	-0.01619110
-15.94042969	13.75097656	-0.01679594
-14.94042969	13.75097656	-0.01751246
-13.94042969	13.75097656	-0.01815214
-12.94042969	13.75097656	-0.01819029
-11.94042969	13.75097656	-0.02065664
-10.94042969	13.75097656	-0.03487915
-9.94042969	13.75097656	-0.01501287
-8.94042969	13.75097656	-0.02442646
-7.94042969	13.75097656	-0.02449989
-6.94042969	13.75097656	-0.03649950
-5.94042969	13.75097656	-0.05249977
-4.94042969	13.75097656	-0.05149984
-3.94042969	13.75097656	-0.05549955
-2.94042969	13.75097656	-0.19549990
-1.94042969	13.75097656	-0.17149973
-0.94042969	13.75097656	-0.14249992
0.05957031	13.75097656	-0.12149954
1.05957031	13.75097656	-0.10349989
2.05957031	13.75097656	-0.08449984
3.05957031	13.75097656	-0.09249973
4.05957031	13.75097656	-0.10749960
5.05957031	13.75097656	-0.12649965
6.05957031	13.75097656	-0.14549971
7.05957031	13.75097656	-0.16749954
8.05957031	13.75097656	-0.17949963
9.05957031	13.75097656	0.00250006
10.05957031	13.75097656	0.01850033
11.05957031	13.75097656	0.03650045
12.05957031	13.75097656	0.04150009
13.05957031	13.75097656	0.24450016
14.05957031	13.75097656	0.07284777
15.05957031	13.75097656	0.19711811
16.05957031	13.75097656	0.15852831
17.05957031	13.75097656	0.16619979
18.05957031	13.75097656	0.18142056
19.05957031	13.75097656	0.18704988
20.05957031	13.75097656	0.19552892
21.05957031	13.75097656	0.19965453
22.05957031	13.75097656	0.20506338
23.05957031	13.75097656	0.20809342
24.05957031	13.75097656	0.21206655
25.05957031	13.75097656	0.21491604
26.05957031	13.75097656	0.21718190
27.05957031	13.75097656	0.21855229
28.05957031	13.75097656	0.22780833
-29.94042969	14.75097656	0.00785574
-28.94042969	14.75097656	0.00726351
-27.94042969	14.75097656	0.00602276
-26.94042969	14.75097656	0.00600983
-25.94042969	14.75097656	0.00599524
-24.94042969	14.75097656	0.00599287
-23.94042969	14.75097656	0.00598837
-22.94042969	14.75097656	0.00598657
-21.94042969	14.75097656	0.00598377
-20.94042969	14.75097656	0.00598120
-19.94042969	14.75097656	0.00597776
-18.94042969	14.75097656	0.00597343
-17.94042969	14.75097656	0.00596727
-16.94042969	14.75097656	0.00595833
-15.94042969	14.75097656	0.00594322
-14.94042969	14.75097656	0.00591642
-13.94042969	14.75097656	0.00586060
-12.94042969	14.75097656	0.00576147
-11.94042969	14.75097656	0.00560478
-10.94042969	14.75097656	0.00534087
-9.94042969	14.75097656	0.00491204
-8.94042969	14.75097656	-0.00436988
-7.94042969	14.75097656	-0.03449965
-6.94042969	14.75097656	-0.04149961
-5.94042969	14.75097656	-0.04649973
-4.94042969	14.75097656	-0.04249954
-3.94042969	14.75097656	-0.09414913
-2.94042969	14.75097656	-0.18449974
-1.94042969	14.75097656	-0.16849995
-0.94042969	14.75097656	-0.14149952
0.05957031	14.75097656	-0.12549973
1.05957031	14.75097656	-0.10549974
2.05957031	14.75097656	-0.08749962
3.05957031	14.75097656	-0.08749962
4.05957031	14.75097656	-0.10349989
5.05957031	14.75097656	-0.12149954
6.05957031	14.75097656	-0.13949966
7.05957031	14.75097656	-0.15949965
8.05957031	14.75097656	-0.16749954
9.05957031	14.75097656	-0.00649977
10.05957031	14.75097656	0.01050043
11.05957031	14.75097656	0.02550030
12.05957031	14.75097656	0.04050016
13.05957031	14.75097656	0.05950022
14.05957031	14.75097656	0.15820232
15.05957031	14.75097656	0.20285954
16.05957031	14.75097656	0.20605609
17.05957031	14.75097656	0.21793463
18.05957031	14.75097656	0.21822065
19.05957031	14.75097656	0.21843458
20.05957031	14.75097656	0.21855268
21.05957031	14.75097656	0.21867128
22.05957031	14.75097656	0.21875089
23.05957031	14.75097656	0.21884823
24.05957031	14.75097656	0.21893030
25.05957031	14.75097656	0.21897321
26.05957031	14.75097656	0.21901813
27.05957031	14.75097656	0.21883661
28.05957031	14.75097656	0.21895998
-29.94042969	15.75097656	0.02245769
-28.94042969	15.75097656	0.02232444
-27.94042969	15.75097656	0.02375486
-26.94042969	15.75097656	0.02375452
-25.94042969	15.75097656	0.02375490
-24.94042969	15.75097656	0.02375478
-23.94042969	15.75097656	0.02375485
-22.94042969	15.75097656	0.02375479
-21.94042969	15.75097656	0.02375477
-20.94042969	15.75097656	0.02375470
-19.94042969	15.75097656	0.02375464
-18.94042969	15.75097656	0.02375454
-17.94042969	15.75097656	0.02375441
-16.94042969	15.75097656	0.02375421
-15.94042969	15.75097656	0.02375385
-14.94042969	15.75097656	0.02375326
-13.94042969	15.75097656	0.02375211
-12.94042969	15.75097656	0.02374999
-11.94042969	15.75097656	0.02374666
-10.94042969	15.75097656	0.02374100
-9.94042969	15.75097656	0.02368737
-8.94042969	15.75097656	0.00791937
-7.94042969	15.75097656	-0.03749990
-6.94042969	15.75097656	-0.02249956
-5.94042969	15.75097656	-0.03149986
-4.94042969	15.75097656	-0.13017453
-3.94042969	15.75097656	-0.03049994
-2.94042969	15.75097656	-0.18449974
-1.94042969	15.75097656	-0.10160111
-0.94042969	15.75097656	-0.13549995
0.05957031	15.75097656	-0.13149977
1.05957031	15.75097656	-0.10549974
2.05957031	15.75097656	-0.08949995
3.05957031	15.75097656	-0.08349991
4.05957031	15.75097656	-0.09749985
5.05957031	15.75097656	-0.11749983
6.05957031	15.75097656	-0.13249969
7.05957031	15.75097656	-0.15349960
8.05957031	15.75097656	-0.16549969
9.05957031	15.75097656	-0.01749992
10.05957031	15.75097656	-0.00049973
11.05957031	15.75097656	0.02050018
12.05957031	15.75097656	0.04150009
13.05957031	15.75097656	0.04050016
14.05957031	15.75097656	0.12747140
15.05957031	15.75097656	0.14200618
16.05957031	15.75097656	0.16426018
17.05957031	15.75097656	0.17958109
18.05957031	15.75097656	0.19166708
19.05957031	15.75097656	0.19971980
20.05957031	15.75097656	0.20700446
21.05957031	15.75097656	0.21158530
22.05957031	15.75097656	0.21868438
23.05957031	15.75097656	0.22268463
24.05957031	15.75097656	0.23745083
25.05957031	15.75097656	0.24345987
26.05957031	15.75097656	0.24613658
27.05957031	15.75097656	0.25549562
28.05957031	15.75097656	0.26187488
-29.94042969	16.75097656	0.00550032
-28.94042969	16.75097656	0.00550032
-27.94042969	16.75097656	0.00550032
-26.94042969	16.75097656	0.00550032
-25.94042969	16.75097656	0.00550032
-24.94042969	16.75097656	0.00550032
-23.94042969	16.75097656	0.00550032
-22.94042969	16.75097656	0.00550032
-21.94042969	16.75097656	0.00550032
-20.94042969	16.75097656	0.00550032
-19.94042969	16.75097656	0.00550032
-18.94042969	16.75097656	0.00550032
-17.94042969	16.75097656	0.00550032
-16.94042969	16.75097656	0.00550032
-15.94042969	16.75097656	0.00550032
-14.94042969	16.75097656	0.00550032
-13.94042969	16.75097656	0.00550032
-12.94042969	16.75097656	0.00550032
-11.94042969	16.75097656	0.00550032
-10.94042969	16.75097656	0.00550032
-9.94042969	16.75097656	0.00550032
-8.94042969	16.75097656	0.00550032
-7.94042969	16.75097656	0.00550032
-6.94042969	16.75097656	-0.00749969
-5.94042969	16.75097656	-0.01649952
-4.94042969	16.75097656	-0.01849985
-3.94042969	16.75097656	-0.13701091
-2.94042969	16.75097656	-0.19249964
-1.94042969	16.75097656	-0.15786773
-0.94042969	16.75097656	-0.13378022
0.05957031	16.75097656	-0.12849951
1.05957031	16.75097656	-0.10849953
2.05957031	16.75097656	-0.09249973
3.05957031	16.75097656	-0.07749987
4.05957031	16.75097656	-0.09449959
5.05957031	16.75097656	-0.10949993
6.05957031	16.75097656	-0.13149977
7.05957031	16.75097656	-0.14949989
8.05957031	16.75097656	-0.16749954
9.05957031	16.75097656	-0.03949976
10.05957031	16.75097656	-0.00841361
11.05957031	16.75097656	0.00750017
12.05957031	16.75097656	0.02750015
13.05957031	16.75097656	0.05550051
14.05957031	16.75097656	0.21950006
15.05957031	16.75097656	0.21950006
16.05957031	16.75097656	0.21950006
17.05957031	16.75097656	0.21950006
18.05957031	16.75097656	0.21950006
19.05957031	16.75097656	0.21950006
20.05957031	16.75097656	0.21950006
21.05957031	16.75097656	0.21950006
22.05957031	16.75097656	0.21950006
23.05957031	16.75097656	0.21950006
24.05957031	16.75097656	0.21950006
25.05957031	16.75097656	0.21950006
26.05957031	16.75097656	0.21950006
27.05957031	16.75097656	0.21950006
28.05957031	16.75097656	0.21950006
-29.94042969	17.75097656	0.02450037
-28.94042969	17.75097656	0.02450037
-27.94042969	17.75097656	0.02450037
-26.94042969	17.75097656	0.02450037
-25.94042969	17.75097656	0.02450037
-24.94042969	17.75097656	0.02450037
-23.94042969	17.75097656	0.02450037
-22.94042969	17.75097656	0.02450037
-21.94042969	17.75097656	0.02450037
-20.94042969	17.75097656	0.02450037
-19.94042969	17.75097656	0.02450037
-18.94042969	17.75097656	0.02450037
-17.94042969	17.75097656	0.02450037
-16.94042969	17.75097656	0.02450037
-15.94042969	17.75097656	0.02450037
-14.94042969	17.75097656	0.02450037
-13.94042969	17.75097656	0.02450037
-12.94042969	17.75097656	0.02450037
-11.94042969	17.75097656	0.02450037
-10.94042969	17.75097656	0.02450037
-9.94042969	17.75097656	0.02450037
-8.94042969	17.75097656	0.02450037
-7.94042969	17.75097656	0.02450037
-6.94042969	17.75097656	0.00050020
-5.94042969	17.75097656	-0.01449966
-4.94042969	17.75097656	-0.01949978
-3.94042969	17.75097656	-0.02349949
-2.94042969	17.75097656	-0.18949986
-1.94042969	17.75097656	-0.13339599
-0.94042969	17.75097656	-0.15149975
0.05957031	17.75097656	-0.12649965
1.05957031	17.75097656	-0.10749960
2.05957031	17.75097656	-0.09649992
3.05957031	17.75097656	-0.08149958
4.05957031	17.75097656	-0.09549952
5.05957031	17.75097656	-0.10949993
6.05957031	17.75097656	-0.12749958
7.05957031	17.75097656	-0.14549971
8.05957031	17.75097656	-0.16949987
9.05957031	17.75097656	-0.17949963
10.05957031	17.75097656	-0.00749969
11.05957031	17.75097656	0.00950050
12.05957031	17.75097656	0.02950048
13.05957031	17.75097656	0.04950047
14.05957031	17.75097656	0.25450039
15.05957031	17.75097656	0.16147853
16.05957031	17.75097656	0.17982495
17.05957031	17.75097656	0.19137194
18.05957031	17.75097656	0.20378301
19.05957031	17.75097656	0.21135365
20.05957031	17.75097656	0.23691292
21.05957031	17.75097656	0.24739168
22.05957031	17.75097656	0.25972791
23.05957031	17.75097656	0.26540507
24.05957031	17.75097656	0.27519360
25.05957031	17.75097656	0.25257889
26.05957031	17.75097656	0.25568283
27.05957031	17.75097656	0.25055875
28.05957031	17.75097656	0.28269519
-29.94042969	18.75097656	0.01022937
-28.94042969	18.75097656	0.00976589
-27.94042969	18.75097656	0.01002356
-26.94042969	18.75097656	0.00892909
-25.94042969	18.75097656	-0.00294468
-24.94042969	18.75097656	0.01906942
-23.94042969	18.75097656	0.01530154
-22.94042969	18.75097656	0.02373353
-21.94042969	18.75097656	0.02373317
-20.94042969	18.75097656	0.02373265
-19.94042969	18.75097656	0.02373245
-18.94042969	18.75097656	0.02373223
-17.94042969	18.75097656	0.02373214
-16.94042969	18.75097656	0.02373205
-15.94042969	18.75097656	0.02373200
-14.94042969	18.75097656	0.02373194
-13.94042969	18.75097656	0.02373194
-12.94042969	18.75097656	0.02373177
-11.94042969	18.75097656	0.02373125
-10.94042969	18.75097656	0.02373110
-9.94042969	18.75097656	0.02372931
-8.94042969	18.75097656	0.02337767
-7.94042969	18.75097656	0.00739297
-6.94042969	18.75097656	-0.00249958
-5.94042969	18.75097656	-0.00749969
-4.94042969	18.75097656	-0.02649975
-3.94042969	18.75097656	-0.13580519
-2.94042969	18.75097656	-0.16599078
-1.94042969	18.75097656	-0.17249966
-0.94042969	18.75097656	-0.15449953
0.05957031	18.75097656	-0.13049984
1.05957031	18.75097656	-0.11349964
2.05957031	18.75097656	-0.09749985
3.05957031	18.75097656	-0.08749962
4.05957031	18.75097656	-0.09049988
5.05957031	18.75097656	-0.10549974
6.05957031	18.75097656	-0.12449980
7.05957031	18.75097656	-0.13349962
8.05957031	18.75097656	-0.16549969
9.05957031	18.75097656	-0.17349958
10.05957031	18.75097656	-0.00149965
11.05957031	18.75097656	0.01450014
12.05957031	18.75097656	0.03250027
13.05957031	18.75097656	0.05350018
14.05957031	18.75097656	0.13950014
15.05957031	18.75097656	0.17951568
16.05957031	18.75097656	0.19520498
17.05957031	18.75097656	0.20376980
18.05957031	18.75097656	0.21175087
19.05957031	18.75097656	0.21655421
20.05957031	18.75097656	0.23500198
21.05957031	18.75097656	0.24276727
22.05957031	18.75097656	0.25081392
23.05957031	18.75097656	0.25473966
24.05957031	18.75097656	0.25762369
25.05957031	18.75097656	0.23890138
26.05957031	18.75097656	0.24102497
27.05957031	18.75097656	0.23963653
28.05957031	18.75097656	0.23513732
-29.94042969	19.75097656	0.19150019
-28.94042969	19.75097656	0.19150019
-27.94042969	19.75097656	0.19150019
-26.94042969	19.75097656	0.19150019
-25.94042969	19.75097656	0.19150019
-24.94042969	19.75097656	0.19150019
-23.94042969	19.75097656	0.19150019
-22.94042969	19.75097656	0.19150019
-21.94042969	19.75097656	0.19150019
-20.94042969	19.75097656	0.19150019
-19.94042969	19.75097656	0.19150019
-18.94042969	19.75097656	0.19150019
-17.94042969	19.75097656	0.19150019
-16.94042969	19.75097656	0.19150019
-15.94042969	19.75097656	0.19150019
-14.94042969	19.75097656	0.19150019
-13.94042969	19.75097656	0.19150019
-12.94042969	19.75097656	0.19150019
-11.94042969	19.75097656	0.19150019
-10.94042969	19.75097656	0.19150019
-9.94042969	19.75097656	0.19150019
-8.94042969	19.75097656	0.19150019
-7.94042969	19.75097656	0.19150019
-6.94042969	19.75097656	-0.01249981
-5.94042969	19.75097656	0.00550032
-4.94042969	19.75097656	-0.01149988
-3.94042969	19.75097656	-0.02549982
-2.94042969	19.75097656	-0.02849960
-1.94042969	19.75097656	-0.16649961
-0.94042969	19.75097656	-0.16149950
0.05957031	19.75097656	-0.13049984
1.05957031	19.75097656	-0.11849976
2.05957031	19.75097656	-0.10049963
3.05957031	19.75097656	-0.08849955
4.05957031	19.75097656	-0.09149981
5.05957031	19.75097656	-0.10349989
6.05957031	19.75097656	-0.11949968
7.05957031	19.75097656	-0.13849974
8.05957031	19.75097656	-0.15949965
9.05957031	19.75097656	-0.16849995
10.05957031	19.75097656	0.00250006
11.05957031	19.75097656	0.01350021
12.05957031	19.75097656	0.02750015
13.05957031	19.75097656	0.04850006
14.05957031	19.75097656	0.07950020
15.05957031	19.75097656	0.13835383
16.05957031	19.75097656	0.16365911
17.05957031	19.75097656	0.17767074
18.05957031	19.75097656	0.19358827
19.05957031	19.75097656	0.20277163
20.05957031	19.75097656	0.22189158
21.05957031	19.75097656	0.23104965
22.05957031	19.75097656	0.26228680
23.05957031	19.75097656	0.27441188
24.05957031	19.75097656	0.28940044
25.05957031	19.75097656	0.28461414
26.05957031	19.75097656	0.29006511
27.05957031	19.75097656	0.27760842
28.05957031	19.75097656	0.28514931
-29.94042969	20.75097656	0.00585412
-28.94042969	20.75097656	0.00550566
-27.94042969	20.75097656	0.00693965
-26.94042969	20.75097656	0.00396133
-25.94042969	20.75097656	0.00441832
-24.94042969	20.75097656	-0.00427273
-23.94042969	20.75097656	-0.00411166
-22.94042969	20.75097656	-0.01270135
-21.94042969	20.75097656	-0.01271424
-20.94042969	20.75097656	-0.01273817
-19.94042969	20.75097656	-0.01274206
-18.94042969	20.75097656	-0.01275182
-17.94042969	20.75097656	-0.01275272
-16.94042969	20.75097656	-0.01275470
-15.94042969	20.75097656	-0.01275068
-14.94042969	20.75097656	-0.01274714
-13.94042969	20.75097656	-0.01273772
-12.94042969	20.75097656	-0.01272574
-11.94042969	20.75097656	-0.01274308
-10.94042969	20.75097656	-0.00819594
-9.94042969	20.75097656	-0.00904657
-8.94042969	20.75097656	0.00637127
-7.94042969	20.75097656	0.01454760
-6.94042969	20.75097656	-0.00849962
-5.94042969	20.75097656	0.01550007
-4.94042969	20.75097656	-0.00949955
-3.94042969	20.75097656	-0.02049971
-2.94042969	20.75097656	-0.11126761
-1.94042969	20.75097656	-0.17449951
-0.94042969	20.75097656	-0.16249990
0.05957031	20.75097656	-0.12449980
1.05957031	20.75097656	-0.12049961
2.05957031	20.75097656	-0.09949970
3.05957031	20.75097656	-0.09149981
4.05957031	20.75097656	-0.08649969
5.05957031	20.75097656	-0.10149956
6.05957031	20.75097656	-0.11349964
7.05957031	20.75097656	-0.13549995
8.05957031	20.75097656	-0.15349960
9.05957031	20.75097656	-0.16449976
10.05957031	20.75097656	-0.04131052
11.05957031	20.75097656	0.01150036
12.05957031	20.75097656	0.01950026
13.05957031	20.75097656	0.03850031
14.05957031	20.75097656	0.05750036
15.05957031	20.75097656	0.12816117
16.05957031	20.75097656	0.10929903
17.05957031	20.75097656	0.13606702
18.05957031	20.75097656	0.14297320
19.05957031	20.75097656	0.16253895
20.05957031	20.75097656	0.17173451
21.05957031	20.75097656	0.18395123
22.05957031	20.75097656	0.21197784
23.05957031	20.75097656	0.58706434
24.05957031	20.75097656	0.59481230
25.05957031	20.75097656	0.71807431
26.05957031	20.75097656	0.72638010
27.05957031	20.75097656	0.74512014
28.05957031	20.75097656	0.75811652
-29.94042969	21.75097656	-0.01049995
-28.94042969	21.75097656	-0.01049995
-27.94042969	21.75097656	-0.01049995
-26.94042969	21.75097656	-0.01049995
-25.94042969	21.75097656	-0.01049995
-24.94042969	21.75097656	-0.01049995
-23.94042969	21.75097656	-0.01049995
-22.94042969	21.75097656	-0.01049995
-21.94042969	21.75097656	-0.01049995
-20.94042969	21.75097656	-0.01049995
-19.94042969	21.75097656	-0.01049995
-18.94042969	21.75097656	-0.01049995
-17.94042969	21.75097656	-0.01049995
-16.94042969	21.75097656	-0.01049995
-15.94042969	21.75097656	-0.01049995
-14.94042969	21.75097656	-0.01049995
-13.94042969	21.75097656	-0.01049995
-12.94042969	21.75097656	-0.01049995
-11.94042969	21.75097656	-0.01049995
-10.94042969	21.75097656	-0.01049995
-9.94042969	21.75097656	-0.01049995
-8.94042969	21.75097656	-0.01049995
-7.94042969	21.75097656	-0.01049995
-6.94042969	21.75097656	-0.01049995
-5.94042969	21.75097656	0.02050018
-4.94042969	21.75097656	-0.00049973
-3.94042969	21.75097656	-0.00749969
-2.94042969	21.75097656	-0.00849962
-1.94042969	21.75097656	-0.18549967
-0.94042969	21.75097656	-0.12676228
0.05957031	21.75097656	-0.14049959
1.05957031	21.75097656	-0.12649965
2.05957031	21.75097656	-0.10649967
3.05957031	21.75097656	-0.09549952
4.05957031	21.75097656	-0.08449984
5.05957031	21.75097656	-0.09849977
6.05957031	21.75097656	-0.10949993
7.05957031	21.75097656	-0.12949991
8.05957031	21.75097656	-0.14649963
9.05957031	21.75097656	-0.16049957
10.05957031	21.75097656	-0.17049980
11.05957031	21.75097656	0.00850010
12.05957031	21.75097656	0.02350044
13.05957031	21.75097656	0.03450012
14.05957031	21.75097656	0.03950024
15.05957031	21.75097656	0.13327138
16.05957031	21.75097656	0.15577643
17.05957031	21.75097656	0.15952348
18.05957031	21.75097656	0.16752788
19.05957031	21.75097656	0.16804794
20.05957031	21.75097656	0.16857005
21.05957031	21.75097656	0.16942398
22.05957031	21.75097656	0.17065623
23.05957031	21.75097656	0.17149960
24.05957031	21.75097656	0.18491541
25.05957031	21.75097656	0.18985995
26.05957031	21.75097656	0.19140264
27.05957031	21.75097656	0.23691058
28.05957031	21.75097656	0.23109922
-29.94042969	22.75097656	-0.01702070
-28.94042969	22.75097656	-0.01692628
-27.94042969	22.75097656	-0.02060279
-26.94042969	22.75097656	-0.02060068
-25.94042969	22.75097656	-0.02180324
-24.94042969	22.75097656	-0.02181873
-23.94042969	22.75097656	-0.02215177
-22.94042969	22.75097656	-0.02216344
-21.94042969	22.75097656	-0.02225792
-20.94042969	22.75097656	-0.02226446
-19.94042969	22.75097656	-0.02229164
-18.94042969	22.75097656	-0.02229409
-17.94042969	22.75097656	-0.02230120
-16.94042969	22.75097656	-0.02228333
-15.94042969	22.75097656	-0.02227358
-14.94042969	22.75097656	-0.02195638
-13.94042969	22.75097656	-0.02125717
-12.94042969	22.75097656	-0.01989688
-11.94042969	22.75097656	-0.01811794
-10.94042969	22.75097656	-0.00803407
-9.94042969	22.75097656	-0.00451054
-8.94042969	22.75097656	-0.01257805
-7.94042969	22.75097656	-0.01325825
-6.94042969	22.75097656	-0.01130645
-5.94042969	22.75097656	0.02950048
-4.94042969	22.75097656	0.01150036
-3.94042969	22.75097656	-0.00849962
-2.94042969	22.75097656	-0.02715137
-1.94042969	22.75097656	-0.05749989
-0.94042969	22.75097656	-0.16349983
0.05957031	22.75097656	-0.14449978
1.05957031	22.75097656	-0.12249994
2.05957031	22.75097656	-0.10849953
3.05957031	22.75097656	-0.09649992
4.05957031	22.75097656	-0.08649969
5.05957031	22.75097656	-0.09649992
6.05957031	22.75097656	-0.10749960
7.05957031	22.75097656	-0.12249994
8.05957031	22.75097656	-0.13749981
9.05957031	22.75097656	-0.15749979
10.05957031	22.75097656	-0.16749954
11.05957031	22.75097656	-0.00367233
12.05957031	22.75097656	0.01350021
13.05957031	22.75097656	0.02950048
14.05957031	22.75097656	0.03650045
15.05957031	22.75097656	0.12250042
16.05957031	22.75097656	0.77450037
17.05957031	22.75097656	0.77450037
18.05957031	22.75097656	0.77450037
19.05957031	22.75097656	0.77450037
20.05957031	22.75097656	0.77450037
21.05957031	22.75097656	0.77450037
22.05957031	22.75097656	0.77450037
23.05957031	22.75097656	0.77450037
24.05957031	22.75097656	0.77450037
25.05957031	22.75097656	0.77450037
26.05957031	22.75097656	0.77450037
27.05957031	22.75097656	0.77450037
28.05957031	22.75097656	0.77450037
-29.94042969	23.75097656	-0.01694651
-28.94042969	23.75097656	-0.01823425
-27.94042969	23.75097656	-0.01867999
-26.94042969	23.75097656	-0.01922791
-25.94042969	23.75097656	-0.01933710
-24.94042969	23.75097656	-0.01950220
-23.94042969	23.75097656	-0.01954862
-22.94042969	23.75097656	-0.01960566
-21.94042969	23.75097656	-0.01962692
-20.94042969	23.75097656	-0.01964845
-19.94042969	23.75097656	-0.01965820
-18.94042969	23.75097656	-0.01966641
-17.94042969	23.75097656	-0.01966999
-16.94042969	23.75097656	-0.01967180
-15.94042969	23.75097656	-0.01967103
-14.94042969	23.75097656	-0.01965696
-13.94042969	23.75097656	-0.01962706
-12.94042969	23.75097656	-0.01924445
-11.94042969	23.75097656	-0.01831340
-10.94042969	23.75097656	-0.01623661
-9.94042969	23.75097656	-0.01336994
-8.94042969	23.75097656	-0.00690310
-7.94042969	23.75097656	0.00668480
-6.94042969	23.75097656	-0.00393748
-5.94042969	23.75097656	0.03950024
-4.94042969	23.75097656	0.03050041
-3.94042969	23.75097656	0.00050020
-2.94042969	23.75097656	-0.12663531
-1.94042969	23.75097656	-0.02849960
-0.94042969	23.75097656	-0.16049957
0.05957031	23.75097656	-0.14449978
1.05957031	23.75097656	-0.12449980
2.05957031	23.75097656	-0.11449957
3.05957031	23.75097656	-0.10249996
4.05957031	23.75097656	-0.08849955
5.05957031	23.75097656	-0.09249973
6.05957031	23.75097656	-0.10649967
7.05957031	23.75097656	-0.11849976
8.05957031	23.75097656	-0.12749958
9.05957031	23.75097656	-0.14949989
10.05957031	23.75097656	-0.15949965
11.05957031	23.75097656	-0.00249958
12.05957031	23.75097656	0.01250029
13.05957031	23.75097656	0.02950048
14.05957031	23.75097656	0.04050016
15.05957031	23.75097656	0.07450008
16.05957031	23.75097656	0.16750050
17.05957031	23.75097656	0.16750050
18.05957031	23.75097656	0.16750050
19.05957031	23.75097656	0.16750050
20.05957031	23.75097656	0.16750050
21.05957031	23.75097656	0.16750050
22.05957031	23.75097656	0.16750050
23.05957031	23.75097656	0.16750050
24.05957031	23.75097656	0.16750050
25.05957031	23.75097656	0.16750050
26.05957031	23.75097656	0.16750050
27.05957031	23.75097656	0.16750050
28.05957031	23.75097656	0.16750050
-29.94042969	24.75097656	-0.02189663
-28.94042969	24.75097656	-0.02213749
-27.94042969	24.75097656	-0.02382817
-26.94042969	24.75097656	-0.02397824
-25.94042969	24.75097656	-0.02451976
-24.94042969	24.75097656	-0.02457219
-23.94042969	24.75097656	-0.02472667
-22.94042969	24.75097656	-0.02474752
-21.94042969	24.75097656	-0.02479355
-20.94042969	24.75097656	-0.02480227
-19.94042969	24.75097656	-0.02481642
-18.94042969	24.75097656	-0.02481957
-17.94042969	24.75097656	-0.02482334
-16.94042969	24.75097656	-0.02481404
-15.94042969	24.75097656	-0.02480826
-14.94042969	24.75097656	-0.02463561
-13.94042969	24.75097656	-0.02423853
-12.94042969	24.75097656	-0.02339129
-11.94042969	24.75097656	-0.02212504
-10.94042969	24.75097656	-0.01609412
-9.94042969	24.75097656	-0.01331383
-8.94042969	24.75097656	-0.01537155
-7.94042969	24.75097656	-0.01158377
-6.94042969	24.75097656	-0.00478080
-5.94042969	24.75097656	-0.01049995
-4.94042969	24.75097656	0.02750015
-3.94042969	24.75097656	0.00050020
-2.94042969	24.75097656	-0.01049995
-1.94042969	24.75097656	-0.02549982
-0.94042969	24.75097656	-0.16149950
0.05957031	24.75097656	-0.15749979
1.05957031	24.75097656	-0.12649965
2.05957031	24.75097656	-0.11749983
3.05957031	24.75097656	-0.10149956
4.05957031	24.75097656	-0.08749962
5.05957031	24.75097656	-0.08749962
6.05957031	24.75097656	-0.09149981
7.05957031	24.75097656	-0.09849977
8.05957031	24.75097656	-0.12549973
9.05957031	24.75097656	-0.13749981
10.05957031	24.75097656	-0.14549971
11.05957031	24.75097656	0.01750040
12.05957031	24.75097656	0.01150036
13.05957031	24.75097656	0.02250004
14.05957031	24.75097656	0.04450035
15.05957031	24.75097656	0.05250025
16.05957031	24.75097656	0.15827598
17.05957031	24.75097656	0.16684449
18.05957031	24.75097656	0.16731947
19.05957031	24.75097656	0.16802568
20.05957031	24.75097656	0.16854596
21.05957031	24.75097656	0.16920474
22.05957031	24.75097656	0.16999427
23.05957031	24.75097656	0.18672339
24.05957031	24.75097656	0.18692676
25.05957031	24.75097656	0.18973280
26.05957031	24.75097656	0.18976768
27.05957031	24.75097656	0.18924114
28.05957031	24.75097656	0.23089532
-29.94042969	25.75097656	-0.02135601
-28.94042969	25.75097656	-0.02168232
-27.94042969	25.75097656	-0.02153225
-26.94042969	25.75097656	-0.02188625
-25.94042969	25.75097656	-0.02189790
-24.94042969	25.75097656	-0.02201734
-23.94042969	25.75097656	-0.02203782
-22.94042969	25.75097656	-0.02208093
-21.94042969	25.75097656	-0.02209505
-20.94042969	25.75097656	-0.02211183
-19.94042969	25.75097656	-0.02211940
-18.94042969	25.75097656	-0.02212585
-17.94042969	25.75097656	-0.02212873
-16.94042969	25.75097656	-0.02212998
-15.94042969	25.75097656	-0.02212920
-14.94042969	25.75097656	-0.02211668
-13.94042969	25.75097656	-0.02207829
-12.94042969	25.75097656	-0.02175106
-11.94042969	25.75097656	-0.02093538
-10.94042969	25.75097656	-0.01913578
-9.94042969	25.75097656	-0.01657672
-8.94042969	25.75097656	-0.01030006
-7.94042969	25.75097656	0.00268745
-6.94042969	25.75097656	-0.00293298
-5.94042969	25.75097656	-0.00849962
-4.94042969	25.75097656	0.02050018
-3.94042969	25.75097656	0.00350046
-2.94042969	25.75097656	-0.01049995
-1.94042969	25.75097656	-0.01649952
-0.94042969	25.75097656	-0.16449976
0.05957031	25.75097656	-0.15949965
1.05957031	25.75097656	-0.12949991
2.05957031	25.75097656	-0.11749983
3.05957031	25.75097656	-0.09849977
4.05957031	25.75097656	-0.09049988
5.05957031	25.75097656	-0.08549976
6.05957031	25.75097656	-0.09349966
7.05957031	25.75097656	-0.09449959
8.05957031	25.75097656	-0.12049961
9.05957031	25.75097656	-0.13449955
10.05957031	25.75097656	-0.14449978
11.05957031	25.75097656	-0.00749969
12.05957031	25.75097656	0.00950050
13.05957031	25.75097656	0.01850033
14.05957031	25.75097656	0.03450012
15.05957031	25.75097656	0.04750013
16.05957031	25.75097656	0.15675586
17.05957031	25.75097656	0.15849353
18.05957031	25.75097656	0.16671959
19.05957031	25.75097656	0.16709900
20.05957031	25.75097656	0.16756017
21.05957031	25.75097656	0.16782488
22.05957031	25.75097656	0.16799660
23.05957031	25.75097656	0.16817454
24.05957031	25.75097656	0.16825197
25.05957031	25.75097656	0.16837612
26.05957031	25.75097656	0.16838081
27.05957031	25.75097656	0.17033657
28.05957031	25.75097656	0.17035576
-29.94042969	26.75097656	-0.03649950
-28.94042969	26.75097656	-0.03649950
-27.94042969	26.75097656	-0.03649950
-26.94042969	26.75097656	-0.03649950
-25.94042969	26.75097656	-0.03649950
-24.94042969	26.75097656	-0.03649950
-23.94042969	26.75097656	-0.03649950
-22.94042969	26.75097656	-0.03649950
-21.94042969	26.75097656	-0.03649950
-20.94042969	26.75097656	-0.03649950
-19.94042969	26.75097656	-0.03649950
-18.94042969	26.75097656	-0.03649950
-17.94042969	26.75097656	-0.03649950
-16.94042969	26.75097656	-0.03649950
-15.94042969	26.75097656	-0.03649950
-14.94042969	26.75097656	-0.03649950
-13.94042969	26.75097656	-0.03649950
-12.94042969	26.75097656	-0.03649950
-11.94042969	26.75097656	-0.03649950
-10.94042969	26.75097656	-0.03649950
-9.94042969	26.75097656	-0.03649950
-8.94042969	26.75097656	-0.03649950
-7.94042969	26.75097656	-0.03649950
-6.94042969	26.75097656	-0.03649950
-5.94042969	26.75097656	-0.03649950
-4.94042969	26.75097656	0.01850033
-3.94042969	26.75097656	0.00750017
-2.94042969	26.75097656	-0.00249958
-1.94042969	26.75097656	-0.10305492
-0.94042969	26.75097656	-0.16649961
0.05957031	26.75097656	-0.16349983
1.05957031	26.75097656	-0.13349962
2.05957031	26.75097656	-0.11849976
3.05957031	26.75097656	-0.10249996
4.05957031	26.75097656	-0.09049988
5.05957031	26.75097656	-0.07349968
6.05957031	26.75097656	-0.08849955
7.05957031	26.75097656	-0.09649992
8.05957031	26.75097656	-0.11249971
9.05957031	26.75097656	-0.12449980
10.05957031	26.75097656	-0.14049959
11.05957031	26.75097656	-0.14749956
12.05957031	26.75097656	0.01550007
13.05957031	26.75097656	0.02350044
14.05957031	26.75097656	0.03550005
15.05957031	26.75097656	0.04950047
16.05957031	26.75097656	0.18850040
17.05957031	26.75097656	0.18850040
18.05957031	26.75097656	0.18850040
19.05957031	26.75097656	0.18850040
20.05957031	26.75097656	0.18850040
21.05957031	26.75097656	0.18850040
22.05957031	26.75097656	0.18850040
23.05957031	26.75097656	0.18850040
24.05957031	26.75097656	0.18850040
25.05957031	26.75097656	0.18850040
26.05957031	26.75097656	0.18850040
27.05957031	26.75097656	0.18850040
28.05957031	26.75097656	0.18850040
-29.94042969	27.75097656	0.03147006
-28.94042969	27.75097656	0.03299018
-27.94042969	27.75097656	0.02885793
-26.94042969	27.75097656	0.02969819
-25.94042969	27.75097656	0.02816728
-24.94042969	27.75097656	0.02842264
-23.94042969	27.75097656	0.02802582
-22.94042969	27.75097656	0.02808839
-21.94042969	27.75097656	0.02797821
-20.94042969	27.75097656	0.02799076
-19.94042969	27.75097656	0.02795882
-18.94042969	27.75097656	0.02796033
-17.94042969	27.75097656	0.02795079
-16.94042969	27.75097656	0.02795060
-15.94042969	27.75097656	0.02795075
-14.94042969	27.75097656	0.02795361
-13.94042969	27.75097656	0.02797994
-12.94042969	27.75097656	0.02803298
-11.94042969	27.75097656	0.02810237
-10.94042969	27.75097656	0.02838876
-9.94042969	27.75097656	0.02926327
-8.94042969	27.75097656	0.02993319
-7.94042969	27.75097656	0.03143079
-6.94042969	27.75097656	0.02598455
-5.94042969	27.75097656	0.01903474
-4.94042969	27.75097656	0.01750040
-3.94042969	27.75097656	0.00750017
-2.94042969	27.75097656	0.00350046
-1.94042969	27.75097656	-0.06443729
-0.94042969	27.75097656	-0.09777212
0.05957031	27.75097656	-0.15949965
1.05957031	27.75097656	-0.14049959
2.05957031	27.75097656	-0.11549950
3.05957031	27.75097656	-0.09749985
4.05957031	27.75097656	-0.08849955
5.05957031	27.75097656	-0.07649994
6.05957031	27.75097656	-0.08749962
7.05957031	27.75097656	-0.09149981
8.05957031	27.75097656	-0.10649967
9.05957031	27.75097656	-0.11949968
10.05957031	27.75097656	-0.12649965
11.05957031	27.75097656	-0.02627021
12.05957031	27.75097656	0.00950050
13.05957031	27.75097656	0.02750015
14.05957031	27.75097656	0.03550005
15.05957031	27.75097656	0.04150009
16.05957031	27.75097656	0.12950039
17.05957031	27.75097656	0.10467967
18.05957031	27.75097656	0.11744914
19.05957031	27.75097656	0.16525428
20.05957031	27.75097656	0.15023294
21.05957031	27.75097656	0.17735031
22.05957031	27.75097656	0.17122572
23.05957031	27.75097656	0.18451467
24.05957031	27.75097656	0.18325693
25.05957031	27.75097656	0.18981392
26.05957031	27.75097656	0.18917286
27.05957031	27.75097656	0.18999378
28.05957031	27.75097656	0.19068019
-29.94042969	28.75097656	0.05194384
-28.94042969	28.75097656	0.05368632
-27.94042969	28.75097656	0.05770880
-26.94042969	28.75097656	0.05773699
-25.94042969	28.75097656	0.05775526
-24.94042969	28.75097656	0.05775257
-23.94042969	28.75097656	0.05775410
-22.94042969	28.75097656	0.05775225
-21.94042969	28.75097656	0.05775221
-20.94042969	28.75097656	0.05775152
-19.94042969	28.75097656	0.05775140
-18.94042969	28.75097656	0.05775116
-17.94042969	28.75097656	0.05775111
-16.94042969	28.75097656	0.05775105
-15.94042969	28.75097656	0.05775107
-14.94042969	28.75097656	0.05775113
-13.94042969	28.75097656	0.05775207
-12.94042969	28.75097656	0.05775428
-11.94042969	28.75097656	0.05776421
-10.94042969	28.75097656	0.05779015
-9.94042969	28.75097656	0.05783040
-8.94042969	28.75097656	0.05792023
-7.94042969	28.75097656	0.05819718
-6.94042969	28.75097656	0.05859401
-5.94042969	28.75097656	0.02696180
-4.94042969	28.75097656	0.05150032
-3.94042969	28.75097656	0.01515286
-2.94042969	28.75097656	0.00750017
-1.94042969	28.75097656	-0.09543245
-0.94042969	28.75097656	-0.00349951
0.05957031	28.75097656	-0.15249968
1.05957031	28.75097656	-0.10902821
2.05957031	28.75097656	-0.11649990
3.05957031	28.75097656	-0.10449982
4.05957031	28.75097656	-0.08749962
5.05957031	28.75097656	-0.07749987
6.05957031	28.75097656	-0.07949972
7.05957031	28.75097656	-0.08649969
8.05957031	28.75097656	-0.10249996
9.05957031	28.75097656	-0.11149979
10.05957031	28.75097656	-0.11749983
11.05957031	28.75097656	-0.12849951
12.05957031	28.75097656	-0.10645897
13.05957031	28.75097656	0.02850008
14.05957031	28.75097656	0.03150034
15.05957031	28.75097656	0.03950024
16.05957031	28.75097656	0.10250044
17.05957031	28.75097656	0.07771132
18.05957031	28.75097656	0.12400297
19.05957031	28.75097656	0.14410994
20.05957031	28.75097656	0.16489729
21.05957031	28.75097656	0.17144199
22.05957031	28.75097656	0.18073639
23.05957031	28.75097656	0.18402707
24.05957031	28.75097656	0.18843167
25.05957031	28.75097656	0.19010114
26.05957031	28.75097656	0.19181883
27.05957031	28.75097656	0.19295330
28.05957031	28.75097656	0.19337869
-29.94042969	29.75097656	0.05466220
-28.94042969	29.75097656	0.05800752
-27.94042969	29.75097656	0.05798210
-26.94042969	29.75097656	0.05800163
-25.94042969	29.75097656	0.05797961
-24.94042969	29.75097656	0.05798300
-23.94042969	29.75097656	0.05797651
-22.94042969	29.75097656	0.05797704
-21.94042969	29.75097656	0.05797512
-20.94042969	29.75097656	0.05797514
-19.94042969	29.75097656	0.05797455
-18.94042969	29.75097656	0.05797451
-17.94042969	29.75097656	0.05797433
-16.94042969	29.75097656	0.05797431
-15.94042969	29.75097656	0.05797434
-14.94042969	29.75097656	0.05797442
-13.94042969	29.75097656	0.05797526
-12.94042969	29.75097656	0.05797732
-11.94042969	29.75097656	0.05798235
-10.94042969	29.75097656	0.05799695
-9.94042969	29.75097656	0.05803152
-8.94042969	29.75097656	0.05807705
-7.94042969	29.75097656	0.05820816
-6.94042969	29.75097656	0.05834042
-5.94042969	29.75097656	0.05801825
-4.94042969	29.75097656	0.03350019
-3.94042969	29.75097656	0.01878719
-2.94042969	29.75097656	0.00750017
-1.94042969	29.75097656	-0.01349439
-0.94042969	29.75097656	-0.11050613
0.05957031	29.75097656	-0.13595978
1.05957031	29.75097656	-0.14249992
2.05957031	29.75097656	-0.10849953
3.05957031	29.75097656	-0.10749960
4.05957031	29.75097656	-0.09149981
5.05957031	29.75097656	-0.07649994
6.05957031	29.75097656	-0.07649994
7.05957031	29.75097656	-0.08349991
8.05957031	29.75097656	-0.09049988
9.05957031	29.75097656	-0.10549974
10.05957031	29.75097656	-0.11749983
11.05957031	29.75097656	-0.12649965
12.05957031	29.75097656	-0.02281086
13.05957031	29.75097656	0.02250004
14.05957031	29.75097656	0.02850008
15.05957031	29.75097656	0.03550005
16.05957031	29.75097656	0.04550028
17.05957031	29.75097656	0.11971238
18.05957031	29.75097656	0.12563886
19.05957031	29.75097656	0.16217535
20.05957031	29.75097656	0.15985491
21.05957031	29.75097656	0.17771879
22.05957031	29.75097656	0.17761912
23.05957031	29.75097656	0.18610372
24.05957031	29.75097656	0.18679936
25.05957031	29.75097656	0.19019698
26.05957031	29.75097656	0.19050806
27.05957031	29.75097656	0.19137148
28.05957031	29.75097656	0.19055783
-29.94042969	30.75097656	0.05950022
-28.94042969	30.75097656	0.05950022
-27.94042969	30.75097656	0.05950022
-26.94042969	30.75097656	0.05950022
-25.94042969	30.75097656	0.05950022
-24.94042969	30.75097656	0.05950022
-23.94042969	30.75097656	0.05950022
-22.94042969	30.75097656	0.05950022
-21.94042969	30.75097656	0.05950022
-20.94042969	30.75097656	0.05950022
-19.94042969	30.75097656	0.05950022
-18.94042969	30.75097656	0.05950022
-17.94042969	30.75097656	0.05950022
-16.94042969	30.75097656	0.05950022
-15.94042969	30.75097656	0.05950022
-14.94042969	30.75097656	0.05950022
-13.94042969	30.75097656	0.05950022
-12.94042969	30.75097656	0.05950022
-11.94042969	30.75097656	0.05950022
-10.94042969	30.75097656	0.05950022
-9.94042969	30.75097656	0.05950022
-8.94042969	30.75097656	0.05950022
-7.94042969	30.75097656	0.05950022
-6.94042969	30.75097656	0.05950022
-5.94042969	30.75097656	0.05950022
-4.94042969	30.75097656	0.05950022
-3.94042969	30.75097656	0.01150036
-2.94042969	30.75097656	0.01750040
-1.94042969	30.75097656	-0.11231084
-0.94042969	30.75097656	-0.13946105
0.05957031	30.75097656	-0.15049982
1.05957031	30.75097656	-0.14149952
2.05957031	30.75097656	-0.12149954
3.05957031	30.75097656	-0.10649967
4.05957031	30.75097656	-0.08849955
5.05957031	30.75097656	-0.07749987
6.05957031	30.75097656	-0.07049990
7.05957031	30.75097656	-0.07549953
8.05957031	30.75097656	-0.08649969
9.05957031	30.75097656	-0.09949970
10.05957031	30.75097656	-0.11149979
11.05957031	30.75097656	-0.12149954
12.05957031	30.75097656	-0.12049961
13.05957031	30.75097656	0.01950026
14.05957031	30.75097656	0.03250027
15.05957031	30.75097656	0.04350042
16.05957031	30.75097656	0.03450012
17.05957031	30.75097656	0.10277868
18.05957031	30.75097656	0.12851535
19.05957031	30.75097656	0.15405896
20.05957031	30.75097656	0.16666802
21.05957031	30.75097656	0.17576380
22.05957031	30.75097656	0.18179242
23.05957031	30.75097656	0.18611654
24.05957031	30.75097656	0.18910484
25.05957031	30.75097656	0.19061703
26.05957031	30.75097656	0.19195732
27.05957031	30.75097656	0.19280041
28.05957031	30.75097656	0.19425429
-29.94042969	31.75097656	0.01450014
-28.94042969	31.75097656	0.01450014
-27.94042969	31.75097656	0.01450014
-26.94042969	31.75097656	0.01450014
-25.94042969	31.75097656	0.01450014
-24.94042969	31.75097656	0.01450014
-23.94042969	31.75097656	0.01450014
-22.94042969	31.75097656	0.01450014
-21.94042969	31.75097656	0.01450014
-20.94042969	31.75097656	0.01450014
-19.94042969	31.75097656	0.01450014
-18.94042969	31.75097656	0.01450014
-17.94042969	31.75097656	0.01450014
-16.94042969	31.75097656	0.01450014
-15.94042969	31.75097656	0.01450014
-14.94042969	31.75097656	0.01450014
-13.94042969	31.75097656	0.01450014
-12.94042969	31.75097656	0.01450014
-11.94042969	31.75097656	0.01450014
-10.94042969	31.75097656	0.01450014
-9.94042969	31.75097656	0.01450014
-8.94042969	31.75097656	0.01450014
-7.94042969	31.75097656	0.01450014
-6.94042969	31.75097656	0.01450014
-5.94042969	31.75097656	0.01450014
-4.94042969	31.75097656	0.01450014
-3.94042969	31.75097656	0.01250029
-2.94042969	31.75097656	0.02250004
-1.94042969	31.75097656	0.01550007
-0.94042969	31.75097656	0.01050043
0.05957031	31.75097656	-0.14949989
1.05957031	31.75097656	-0.14749956
2.05957031	31.75097656	-0.12549973
3.05957031	31.75097656	-0.11049986
4.05957031	31.75097656	-0.09149981
5.05957031	31.75097656	-0.08049965
6.05957031	31.75097656	-0.06049967
7.05957031	31.75097656	-0.07549953
8.05957031	31.75097656	-0.08049965
9.05957031	31.75097656	-0.09249973
10.05957031	31.75097656	-0.10349989
11.05957031	31.75097656	-0.12449980
12.05957031	31.75097656	-0.12949991
13.05957031	31.75097656	0.02050018
14.05957031	31.75097656	0.02850008
15.05957031	31.75097656	0.03650045
16.05957031	31.75097656	0.03750038
17.05957031	31.75097656	0.24250031
18.05957031	31.75097656	0.11358900
19.05957031	31.75097656	0.16577629
20.05957031	31.75097656	0.15279065
21.05957031	31.75097656	0.17664963
22.05957031	31.75097656	0.17462861
23.05957031	31.75097656	0.18554144
24.05957031	31.75097656	0.18570751
25.05957031	31.75097656	0.19034025
26.05957031	31.75097656	0.19079013
27.05957031	31.75097656	0.18989432
28.05957031	31.75097656	0.19054002
-29.94042969	32.75097656	0.05597543
-28.94042969	32.75097656	0.05598910
-27.94042969	32.75097656	0.05842714
-26.94042969	32.75097656	0.05841725
-25.94042969	32.75097656	0.05843863
-24.94042969	32.75097656	0.05843051
-23.94042969	32.75097656	0.05842763
-22.94042969	32.75097656	0.05842178
-21.94042969	32.75097656	0.05841750
-20.94042969	32.75097656	0.05841393
-19.94042969	32.75097656	0.05841122
-18.94042969	32.75097656	0.05840930
-17.94042969	32.75097656	0.05840789
-16.94042969	32.75097656	0.05840694
-15.94042969	32.75097656	0.05840626
-14.94042969	32.75097656	0.05840580
-13.94042969	32.75097656	0.05840550
-12.94042969	32.75097656	0.05840532
-11.94042969	32.75097656	0.05840430
-10.94042969	32.75097656	0.05840365
-9.94042969	32.75097656	0.05840079
-8.94042969	32.75097656	0.05840516
-7.94042969	32.75097656	0.05841336
-6.94042969	32.75097656	0.05838423
-5.94042969	32.75097656	0.02677479
-4.94042969	32.75097656	0.03076749
-3.94042969	32.75097656	0.02250004
-2.94042969	32.75097656	0.02250004
-1.94042969	32.75097656	0.02050018
-0.94042969	32.75097656	0.01650047
0.05957031	32.75097656	-0.12122606
1.05957031	32.75097656	-0.14849949
2.05957031	32.75097656	-0.12449980
3.05957031	32.75097656	-0.10749960
4.05957031	32.75097656	-0.09349966
5.05957031	32.75097656	-0.08249950
6.05957031	32.75097656	-0.06649971
7.05957031	32.75097656	-0.07249975
8.05957031	32.75097656	-0.08349991
9.05957031	32.75097656	-0.09249973
10.05957031	32.75097656	-0.10049963
11.05957031	32.75097656	-0.12449980
12.05957031	32.75097656	-0.13149977
13.05957031	32.75097656	0.00950050
14.05957031	32.75097656	0.01850033
15.05957031	32.75097656	0.02850008
16.05957031	32.75097656	0.04150009
17.05957031	32.75097656	0.15450048
18.05957031	32.75097656	0.10444312
19.05957031	32.75097656	0.11223986
20.05957031	32.75097656	0.13336940
21.05957031	32.75097656	0.14052217
22.05957031	32.75097656	0.15447692
23.05957031	32.75097656	0.15984047
24.05957031	32.75097656	0.16728376
25.05957031	32.75097656	0.17044955
26.05957031	32.75097656	0.17384406
27.05957031	32.75097656	0.17709467
28.05957031	32.75097656	0.17930783
-29.94042969	33.75097656	0.02799120
-28.94042969	33.75097656	0.02790896
-27.94042969	33.75097656	0.02762829
-26.94042969	33.75097656	0.02763585
-25.94042969	33.75097656	0.02763030
-24.94042969	33.75097656	0.02762850
-23.94042969	33.75097656	0.02762549
-22.94042969	33.75097656	0.02762352
-21.94042969	33.75097656	0.02762186
-20.94042969	33.75097656	0.02762067
-19.94042969	33.75097656	0.02761982
-18.94042969	33.75097656	0.02761921
-17.94042969	33.75097656	0.02761879
-16.94042969	33.75097656	0.02761850
-15.94042969	33.75097656	0.02761831
-14.94042969	33.75097656	0.02761816
-13.94042969	33.75097656	0.02761805
-12.94042969	33.75097656	0.02761788
-11.94042969	33.75097656	0.02761776
-10.94042969	33.75097656	0.02761774
-9.94042969	33.75097656	0.02761131
-8.94042969	33.75097656	0.02759631
-7.94042969	33.75097656	0.02756606
-6.94042969	33.75097656	0.02757741
-5.94042969	33.75097656	0.02774763
-4.94042969	33.75097656	0.02888730
-3.94042969	33.75097656	0.04650021
-2.94042969	33.75097656	0.02950048
-1.94042969	33.75097656	0.02450037
-0.94042969	33.75097656	-0.05269945
0.05957031	33.75097656	0.01050043
1.05957031	33.75097656	-0.13949966
2.05957031	33.75097656	-0.13149977
3.05957031	33.75097656	-0.10849953
4.05957031	33.75097656	-0.09649992
5.05957031	33.75097656	-0.08349991
6.05957031	33.75097656	-0.06949949
7.05957031	33.75097656	-0.07649994
8.05957031	33.75097656	-0.08249950
9.05957031	33.75097656	-0.09549952
10.05957031	33.75097656	-0.10849953
11.05957031	33.75097656	-0.12249994
12.05957031	33.75097656	-0.13249969
13.05957031	33.75097656	0.00850010
14.05957031	33.75097656	0.02150011
15.05957031	33.75097656	0.03250027
16.05957031	33.75097656	0.04850006
17.05957031	33.75097656	0.06450033
18.05957031	33.75097656	0.12693040
19.05957031	33.75097656	0.15936906
20.05957031	33.75097656	0.16327748
21.05957031	33.75097656	0.17203468
22.05957031	33.75097656	0.17237330
23.05957031	33.75097656	0.17261615
24.05957031	33.75097656	0.17274592
25.05957031	33.75097656	0.17284670
26.05957031	33.75097656	0.17287459
27.05957031	33.75097656	0.17353986
28.05957031	33.75097656	0.17282250
-29.94042969	34.75097656	0.02869423
-28.94042969	34.75097656	0.02830361
-27.94042969	34.75097656	0.02960289
-26.94042969	34.75097656	0.02942052
-25.94042969	34.75097656	0.02961464
-24.94042969	34.75097656	0.02953572
-23.94042969	34.75097656	0.02952916
-22.94042969	34.75097656	0.02949449
-21.94042969	34.75097656	0.02947705
-20.94042969	34.75097656	0.02946172
-19.94042969	34.75097656	0.02945165
-18.94042969	34.75097656	0.02944488
-17.94042969	34.75097656	0.02944005
-16.94042969	34.75097656	0.02943704
-15.94042969	34.75097656	0.02943476
-14.94042969	34.75097656	0.02943314
-13.94042969	34.75097656	0.02943142
-12.94042969	34.75097656	0.02942901
-11.94042969	34.75097656	0.02942376
-10.94042969	34.75097656	0.02941099
-9.94042969	34.75097656	0.02939273
-8.94042969	34.75097656	0.02935795
-7.94042969	34.75097656	0.02942422
-6.94042969	34.75097656	0.02935763
-5.94042969	34.75097656	0.03249001
-4.94042969	34.75097656	0.02908144
-3.94042969	34.75097656	0.02850008
-2.94042969	34.75097656	0.02850008
-1.94042969	34.75097656	0.00841410
-0.94042969	34.75097656	-0.09063129
0.05957031	34.75097656	-0.08125530
1.05957031	34.75097656	-0.13649988
2.05957031	34.75097656	-0.13149977
3.05957031	34.75097656	-0.10849953
4.05957031	34.75097656	-0.09949970
5.05957031	34.75097656	-0.08849955
6.05957031	34.75097656	-0.07849979
7.05957031	34.75097656	-0.07449961
8.05957031	34.75097656	-0.08149958
9.05957031	34.75097656	-0.09049988
10.05957031	34.75097656	-0.10249996
11.05957031	34.75097656	-0.11949968
12.05957031	34.75097656	-0.13249969
13.05957031	34.75097656	0.01050043
14.05957031	34.75097656	-0.00249958
15.05957031	34.75097656	0.02750015
16.05957031	34.75097656	0.04050016
17.05957031	34.75097656	0.04250050
18.05957031	34.75097656	0.09964289
19.05957031	34.75097656	0.10727834
20.05957031	34.75097656	0.12911090
21.05957031	34.75097656	0.13844368
22.05957031	34.75097656	0.14898519
23.05957031	34.75097656	0.15296686
24.05957031	34.75097656	0.15721801
25.05957031	34.75097656	0.15865975
26.05957031	34.75097656	0.16021328
27.05957031	34.75097656	0.15352119
28.05957031	34.75097656	0.15452043
-29.94042969	35.75097656	0.02750015
-28.94042969	35.75097656	0.02750015
-27.94042969	35.75097656	0.02750015
-26.94042969	35.75097656	0.02750015
-25.94042969	35.75097656	0.02750015
-24.94042969	35.75097656	0.02750015
-23.94042969	35.75097656	0.02750015
-22.94042969	35.75097656	0.02750015
-21.94042969	35.75097656	0.02750015
-20.94042969	35.75097656	0.02750015
-19.94042969	35.75097656	0.02750015
-18.94042969	35.75097656	0.02750015
-17.94042969	35.75097656	0.02750015
-16.94042969	35.75097656	0.02750015
-15.94042969	35.75097656	0.02750015
-14.94042969	35.75097656	0.02750015
-13.94042969	35.75097656	0.02750015
-12.94042969	35.75097656	0.02750015
-11.94042969	35.75097656	0.02750015
-10.94042969	35.75097656	0.02750015
-9.94042969	35.75097656	0.02750015
-8.94042969	35.75097656	0.02750015
-7.94042969	35.75097656	0.02750015
-6.94042969	35.75097656	0.02750015
-5.94042969	35.75097656	0.02750015
-4.94042969	35.75097656	0.02750015
-3.94042969	35.75097656	0.02750015
-2.94042969	35.75097656	0.02950048
-1.94042969	35.75097656	0.02850008
-0.94042969	35.75097656	0.02253252
0.05957031	35.75097656	0.02650023
1.05957031	35.75097656	-0.12746701
2.05957031	35.75097656	-0.13149977
3.05957031	35.75097656	-0.10749960
4.05957031	35.75097656	-0.10849953
5.05957031	35.75097656	-0.09349966
6.05957031	35.75097656	-0.07949972
7.05957031	35.75097656	-0.07549953
8.05957031	35.75097656	-0.08049965
9.05957031	35.75097656	-0.08649969
10.05957031	35.75097656	-0.10249996
11.05957031	35.75097656	-0.11649990
12.05957031	35.75097656	-0.13549995
13.05957031	35.75097656	-0.14249992
14.05957031	35.75097656	0.01550007
15.05957031	35.75097656	0.02550030
16.05957031	35.75097656	0.03450012
17.05957031	35.75097656	0.03650045
18.05957031	35.75097656	0.17250013
19.05957031	35.75097656	0.17250013
20.05957031	35.75097656	0.17250013
21.05957031	35.75097656	0.17250013
22.05957031	35.75097656	0.17250013
23.05957031	35.75097656	0.17250013
24.05957031	35.75097656	0.17250013
25.05957031	35.75097656	0.17250013
26.05957031	35.75097656	0.17250013
27.05957031	35.75097656	0.17250013
28.05957031	35.75097656	0.17250013
-29.94042969	36.75097656	0.03075523
-28.94042969	36.75097656	0.03132102
-27.94042969	36.75097656	0.03153193
-26.94042969	36.75097656	0.03252744
-25.94042969	36.75097656	0.03179278
-24.94042969	36.75097656	0.03101626
-23.94042969	36.75097656	0.03099881
-22.94042969	36.75097656	0.03097945
-21.94042969	36.75097656	0.03096717
-20.94042969	36.75097656	0.03095842
-19.94042969	36.75097656	0.03095227
-18.94042969	36.75097656	0.03094839
-17.94042969	36.75097656	0.03094557
-16.94042969	36.75097656	0.03094384
-15.94042969	36.75097656	0.03094250
-14.94042969	36.75097656	0.03094151
-13.94042969	36.75097656	0.03094027
-12.94042969	36.75097656	0.03093818
-11.94042969	36.75097656	0.03093346
-10.94042969	36.75097656	0.03092202
-9.94042969	36.75097656	0.03090031
-8.94042969	36.75097656	0.03086755
-7.94042969	36.75097656	0.03085991
-6.94042969	36.75097656	0.03075106
-5.94042969	36.75097656	0.03100220
-4.94042969	36.75097656	0.02490827
-3.94042969	36.75097656	0.02769830
-2.94042969	36.75097656	0.02850008
-1.94042969	36.75097656	0.02750015
-0.94042969	36.75097656	0.02650023
0.05957031	36.75097656	-0.13500414
1.05957031	36.75097656	-0.15149975
2.05957031	36.75097656	-0.13349962
3.05957031	36.75097656	-0.11849976
4.05957031	36.75097656	-0.11049986
5.05957031	36.75097656	-0.09649992
6.05957031	36.75097656	-0.08649969
7.05957031	36.75097656	-0.06949949
8.05957031	36.75097656	-0.08149958
9.05957031	36.75097656	-0.08749962
10.05957031	36.75097656	-0.10249996
11.05957031	36.75097656	-0.11149979
12.05957031	36.75097656	-0.12949991
13.05957031	36.75097656	-0.13649988
14.05957031	36.75097656	0.01050043
15.05957031	36.75097656	0.02050018
16.05957031	36.75097656	0.02650023
17.05957031	36.75097656	0.02850008
18.05957031	36.75097656	0.22250032
19.05957031	36.75097656	0.12080493
20.05957031	36.75097656	0.13406614
21.05957031	36.75097656	0.13929084
22.05957031	36.75097656	0.14516937
23.05957031	36.75097656	0.14740768
24.05957031	36.75097656	0.14969166
25.05957031	36.75097656	0.15117686
26.05957031	36.75097656	0.15187130
27.05957031	36.75097656	0.15220423
28.05957031	36.75097656	0.13613970
-29.94042969	37.75097656	0.03248451
-28.94042969	37.75097656	0.03247780
-27.94042969	37.75097656	0.03566123
-26.94042969	37.75097656	0.03925646
-25.94042969	37.75097656	0.03045104
-24.94042969	37.75097656	0.02916755
-23.94042969	37.75097656	0.02996558
-22.94042969	37.75097656	0.02995662
-21.94042969	37.75097656	0.02994900
-20.94042969	37.75097656	0.02994361
-19.94042969	37.75097656	0.02994000
-18.94042969	37.75097656	0.02993736
-17.94042969	37.75097656	0.02993571
-16.94042969	37.75097656	0.02993450
-15.94042969	37.75097656	0.02993373
-14.94042969	37.75097656	0.02993311
-13.94042969	37.75097656	0.02993249
-12.94042969	37.75097656	0.02993134
-11.94042969	37.75097656	0.02992903
-10.94042969	37.75097656	0.02992364
-9.94042969	37.75097656	0.02990976
-8.94042969	37.75097656	0.02988756
-7.94042969	37.75097656	0.02984516
-6.94042969	37.75097656	0.02975749
-5.94042969	37.75097656	0.02863573
-4.94042969	37.75097656	0.02406613
-3.94042969	37.75097656	0.02845425
-2.94042969	37.75097656	0.03850031
-1.94042969	37.75097656	0.02950048
-0.94042969	37.75097656	0.01850033
0.05957031	37.75097656	0.01950026
1.05957031	37.75097656	-0.00549984
2.05957031	37.75097656	-0.13649988
3.05957031	37.75097656	-0.12249994
4.05957031	37.75097656	-0.11049986
5.05957031	37.75097656	-0.09649992
6.05957031	37.75097656	-0.09049988
7.05957031	37.75097656	-0.07749987
8.05957031	37.75097656	-0.08149958
9.05957031	37.75097656	-0.08749962
10.05957031	37.75097656	-0.10249996
11.05957031	37.75097656	-0.11549950
12.05957031	37.75097656	-0.13149977
13.05957031	37.75097656	-0.14149952
14.05957031	37.75097656	0.01350021
15.05957031	37.75097656	0.01450014
16.05957031	37.75097656	0.02450037
17.05957031	37.75097656	0.03350019
18.05957031	37.75097656	0.05550051
19.05957031	37.75097656	0.13246720
20.05957031	37.75097656	0.14633240
21.05957031	37.75097656	0.15214809
22.05957031	37.75097656	0.15511679
23.05957031	37.75097656	0.15667022
24.05957031	37.75097656	0.15762508
25.05957031	37.75097656	0.15873222
26.05957031	37.75097656	0.15898475
27.05957031	37.75097656	0.16241909
28.05957031	37.75097656	0.16932805
-29.94042969	38.75097656	0.03352003
-28.94042969	38.75097656	0.03326504
-27.94042969	38.75097656	0.03312871
-26.94042969	38.75097656	0.03126961
-25.94042969	38.75097656	0.03171584
-24.94042969	38.75097656	0.03212172
-23.94042969	38.75097656	0.03206865
-22.94042969	38.75097656	0.03204463
-21.94042969	38.75097656	0.03202480
-20.94042969	38.75097656	0.03201432
-19.94042969	38.75097656	0.03200621
-18.94042969	38.75097656	0.03200165
-17.94042969	38.75097656	0.03199819
-16.94042969	38.75097656	0.03199619
-15.94042969	38.75097656	0.03199462
-14.94042969	38.75097656	0.03199355
-13.94042969	38.75097656	0.03199211
-12.94042969	38.75097656	0.03198999
-11.94042969	38.75097656	0.03198512
-10.94042969	38.75097656	0.03197314
-9.94042969	38.75097656	0.03194660
-8.94042969	38.75097656	0.03192468
-7.94042969	38.75097656	0.03188110
-6.94042969	38.75097656	0.03180602
-5.94042969	38.75097656	0.03220768
-4.94042969	38.75097656	0.02998510
-3.94042969	38.75097656	0.02800817
-2.94042969	38.75097656	-0.00249958
-1.94042969	38.75097656	0.02650023
-0.94042969	38.75097656	0.02150011
0.05957031	38.75097656	-0.10597431
1.05957031	38.75097656	-0.11361456
2.05957031	38.75097656	-0.13849974
3.05957031	38.75097656	-0.12749958
4.05957031	38.75097656	-0.11749983
5.05957031	38.75097656	-0.10449982
6.05957031	38.75097656	-0.09149981
7.05957031	38.75097656	-0.07949972
8.05957031	38.75097656	-0.08449984
9.05957031	38.75097656	-0.09149981
10.05957031	38.75097656	-0.10049963
11.05957031	38.75097656	-0.11549950
12.05957031	38.75097656	-0.13149977
13.05957031	38.75097656	-0.14649963
14.05957031	38.75097656	-0.02249956
15.05957031	38.75097656	0.01350021
16.05957031	38.75097656	0.01750040
17.05957031	38.75097656	0.02650023
18.05957031	38.75097656	0.06550026
19.05957031	38.75097656	0.10397820
20.05957031	38.75097656	0.12467551
21.05957031	38.75097656	0.13008576
22.05957031	38.75097656	0.13772656
23.05957031	38.75097656	0.14004479
24.05957031	38.75097656	0.14291207
25.05957031	38.75097656	0.14404589
26.05957031	38.75097656	0.14492870
27.05957031	38.75097656	0.13325270
28.05957031	38.75097656	0.13376791
-29.94042969	39.75097656	0.03429558
-28.94042969	39.75097656	0.03405411
-27.94042969	39.75097656	0.03512409
-26.94042969	39.75097656	0.03492382
-25.94042969	39.75097656	0.04009968
-24.94042969	39.75097656	0.03994548
-23.94042969	39.75097656	0.04503210
-22.94042969	39.75097656	0.04497695
-21.94042969	39.75097656	0.04496873
-20.94042969	39.75097656	0.04494559
-19.94042969	39.75097656	0.04493760
-18.94042969	39.75097656	0.04492786
-17.94042969	39.75097656	0.04492376
-16.94042969	39.75097656	0.04491961
-15.94042969	39.75097656	0.04491761
-14.94042969	39.75097656	0.04491547
-13.94042969	39.75097656	0.04491378
-12.94042969	39.75097656	0.04490854
-11.94042969	39.75097656	0.04490115
-10.94042969	39.75097656	0.04489023
-9.94042969	39.75097656	0.04486608
-8.94042969	39.75097656	0.04481509
-7.94042969	39.75097656	0.04462817
-6.94042969	39.75097656	0.04201726
-5.94042969	39.75097656	0.04124342
-4.94042969	39.75097656	0.03255542
-3.94042969	39.75097656	0.03313481
-2.94042969	39.75097656	0.01150036
-1.94042969	39.75097656	0.02550030
-0.94042969	39.75097656	0.01423990
0.05957031	39.75097656	-0.06052669
1.05957031	39.75097656	0.00250006
2.05957031	39.75097656	-0.08404097
3.05957031	39.75097656	-0.13749981
4.05957031	39.75097656	-0.11949968
5.05957031	39.75097656	-0.10649967
6.05957031	39.75097656	-0.09549952
7.05957031	39.75097656	-0.08149958
8.05957031	39.75097656	-0.08349991
9.05957031	39.75097656	-0.09449959
10.05957031	39.75097656	-0.10449982
11.05957031	39.75097656	-0.11749983
12.05957031	39.75097656	-0.13449955
13.05957031	39.75097656	-0.15249968
14.05957031	39.75097656	-0.16049957
15.05957031	39.75097656	-0.00749969
16.05957031	39.75097656	0.01450014
17.05957031	39.75097656	0.02550030
18.05957031	39.75097656	0.03650045
19.05957031	39.75097656	0.15450048
20.05957031	39.75097656	0.15450048
21.05957031	39.75097656	0.15450048
22.05957031	39.75097656	0.15450048
23.05957031	39.75097656	0.15450048
24.05957031	39.75097656	0.15450048
25.05957031	39.75097656	0.15450048
26.05957031	39.75097656	0.15450048
27.05957031	39.75097656	0.15450048
28.05957031	39.75097656	0.15450048
-29.94042969	40.75097656	0.04050016
-28.94042969	40.75097656	0.04050016
-27.94042969	40.75097656	0.04050016
-26.94042969	40.75097656	0.04050016
-25.94042969	40.75097656	0.04050016
-24.94042969	40.75097656	0.04050016
-23.94042969	40.75097656	0.04050016
-22.94042969	40.75097656	0.04050016
-21.94042969	40.75097656	0.04050016
-20.94042969	40.75097656	0.04050016
-19.94042969	40.75097656	0.04050016
-18.94042969	40.75097656	0.04050016
-17.94042969	40.75097656	0.04050016
-16.94042969	40.75097656	0.04050016
-15.94042969	40.75097656	0.04050016
-14.94042969	40.75097656	0.04050016
-13.94042969	40.75097656	0.04050016
-12.94042969	40.75097656	0.04050016
-11.94042969	40.75097656	0.04050016
-10.94042969	40.75097656	0.04050016
-9.94042969	40.75097656	0.04050016
-8.94042969	40.75097656	0.04050016
-7.94042969	40.75097656	0.04050016
-6.94042969	40.75097656	0.04050016
-5.94042969	40.75097656	0.04050016
-4.94042969	40.75097656	0.04050016
-3.94042969	40.75097656	0.04050016
-2.94042969	40.75097656	0.04050016
-1.94042969	40.75097656	0.02450037
-0.94042969	40.75097656	0.01339517
0.05957031	40.75097656	0.01550007
1.05957031	40.75097656	0.02550030
2.05957031	40.75097656	-0.12674294
3.05957031	40.75097656	-0.14649963
4.05957031	40.75097656	-0.12249994
5.05957031	40.75097656	-0.11149979
6.05957031	40.75097656	-0.09749985
7.05957031	40.75097656	-0.08849955
8.05957031	40.75097656	-0.08449984
9.05957031	40.75097656	-0.09249973
10.05957031	40.75097656	-0.10249996
11.05957031	40.75097656	-0.11749983
12.05957031	40.75097656	-0.13949966
13.05957031	40.75097656	-0.15549994
14.05957031	40.75097656	-0.15649986
15.05957031	40.75097656	-0.03462253
16.05957031	40.75097656	0.00750017
17.05957031	40.75097656	0.02250004
18.05957031	40.75097656	0.03450012
19.05957031	40.75097656	0.08750010
20.05957031	40.75097656	0.08750010
21.05957031	40.75097656	0.08750010
22.05957031	40.75097656	0.08750010
23.05957031	40.75097656	0.08750010
24.05957031	40.75097656	0.08750010
25.05957031	40.75097656	0.08750010
26.05957031	40.75097656	0.08750010
27.05957031	40.75097656	0.08750010
28.05957031	40.75097656	0.08750010
-29.94042969	41.75097656	0.04970962
-28.94042969	41.75097656	0.04879195
-27.94042969	41.75097656	0.05319832
-26.94042969	41.75097656	0.05277860
-25.94042969	41.75097656	0.05413206
-24.94042969	41.75097656	0.05394783
-23.94042969	41.75097656	0.05427518
-22.94042969	41.75097656	0.05419472
-21.94042969	41.75097656	0.05426765
-20.94042969	41.75097656	0.05423398
-19.94042969	41.75097656	0.05424762
-18.94042969	41.75097656	0.05423409
-17.94042969	41.75097656	0.05423534
-16.94042969	41.75097656	0.05422961
-15.94042969	41.75097656	0.05422804
-14.94042969	41.75097656	0.05422317
-13.94042969	41.75097656	0.05421694
-12.94042969	41.75097656	0.05419447
-11.94042969	41.75097656	0.05413400
-10.94042969	41.75097656	0.05381161
-9.94042969	41.75097656	0.05315898
-8.94042969	41.75097656	0.06030945
-7.94042969	41.75097656	0.06016751
-6.94042969	41.75097656	0.05298833
-5.94042969	41.75097656	0.05168283
-4.94042969	41.75097656	0.03992684
-3.94042969	41.75097656	0.03524210
-2.94042969	41.75097656	0.01662352
-1.94042969	41.75097656	0.02650023
-0.94042969	41.75097656	0.01950026
0.05957031	41.75097656	0.01150036
1.05957031	41.75097656	0.01150036
2.05957031	41.75097656	-0.13670340
3.05957031	41.75097656	-0.14649963
4.05957031	41.75097656	-0.12249994
5.05957031	41.75097656	-0.11949968
6.05957031	41.75097656	-0.10149956
7.05957031	41.75097656	-0.09349966
8.05957031	41.75097656	-0.08049965
9.05957031	41.75097656	-0.08749962
10.05957031	41.75097656	-0.10549974
11.05957031	41.75097656	-0.11649990
12.05957031	41.75097656	-0.13349962
13.05957031	41.75097656	-0.15349960
14.05957031	41.75097656	-0.15749979
15.05957031	41.75097656	-0.00249958
16.05957031	41.75097656	0.01950026
17.05957031	41.75097656	0.02150011
18.05957031	41.75097656	0.03350019
19.05957031	41.75097656	0.07050037
20.05957031	41.75097656	0.08507264
21.05957031	41.75097656	0.10478155
22.05957031	41.75097656	0.11450766
23.05957031	41.75097656	0.12151599
24.05957031	41.75097656	0.12523073
25.05957031	41.75097656	0.12766728
26.05957031	41.75097656	0.12815823
27.05957031	41.75097656	0.12895958
28.05957031	41.75097656	0.14504643
-29.94042969	42.75097656	0.05007667
-28.94042969	42.75097656	0.05120927
-27.94042969	42.75097656	0.05120254
-26.94042969	42.75097656	0.05143055
-25.94042969	42.75097656	0.05119599
-24.94042969	42.75097656	0.05112626
-23.94042969	42.75097656	0.05098672
-22.94042969	42.75097656	0.05092087
-21.94042969	42.75097656	0.05085553
-20.94042969	42.75097656	0.05082163
-19.94042969	42.75097656	0.05079471
-18.94042969	42.75097656	0.05078027
-17.94042969	42.75097656	0.05076994
-16.94042969	42.75097656	0.05076424
-15.94042969	42.75097656	0.05076021
-14.94042969	42.75097656	0.05075745
-13.94042969	42.75097656	0.05075453
-12.94042969	42.75097656	0.05075037
-11.94042969	42.75097656	0.05074221
-10.94042969	42.75097656	0.05071947
-9.94042969	42.75097656	0.05063781
-8.94042969	42.75097656	0.05025990
-7.94042969	42.75097656	0.05053956
-6.94042969	42.75097656	0.04557580
-5.94042969	42.75097656	0.03812472
-4.94042969	42.75097656	0.03887033
-3.94042969	42.75097656	0.01564728
-2.94042969	42.75097656	0.02689490
-1.94042969	42.75097656	0.00950050
-0.94042969	42.75097656	0.03250027
0.05957031	42.75097656	0.01050043
1.05957031	42.75097656	0.00450039
2.05957031	42.75097656	-0.16149950
3.05957031	42.75097656	-0.14549971
4.05957031	42.75097656	-0.13249969
5.05957031	42.75097656	-0.11749983
6.05957031	42.75097656	-0.10649967
7.05957031	42.75097656	-0.09749985
8.05957031	42.75097656	-0.08349991
9.05957031	42.75097656	-0.09149981
10.05957031	42.75097656	-0.10249996
11.05957031	42.75097656	-0.11049986
12.05957031	42.75097656	-0.13049984
13.05957031	42.75097656	-0.14849949
14.05957031	42.75097656	-0.16349983
15.05957031	42.75097656	-0.16549969
16.05957031	42.75097656	0.01050043
17.05957031	42.75097656	0.02150011
18.05957031	42.75097656	0.03750038
19.05957031	42.75097656	0.07150030
20.05957031	42.75097656	0.11650603
21.05957031	42.75097656	0.12227976
22.05957031	42.75097656	0.12545578
23.05957031	42.75097656	0.12764871
24.05957031	42.75097656	0.13009250
25.05957031	42.75097656	0.13152443
26.05957031	42.75097656	0.13119621
27.05957031	42.75097656	0.14486548
28.05957031	42.75097656	0.15964292
-29.94042969	43.75097656	0.05571439
-28.94042969	43.75097656	0.05550178
-27.94042969	43.75097656	0.05736701
-26.94042969	43.75097656	0.05723898
-25.94042969	43.75097656	0.05774842
-24.94042969	43.75097656	0.05764887
-23.94042969	43.75097656	0.05775052
-22.94042969	43.75097656	0.05769836
-21.94042969	43.75097656	0.05771213
-20.94042969	43.75097656	0.05768880
-19.94042969	43.75097656	0.05768756
-18.94042969	43.75097656	0.05767799
-17.94042969	43.75097656	0.05767581
-16.94042969	43.75097656	0.05767182
-15.94042969	43.75097656	0.05766996
-14.94042969	43.75097656	0.05766680
-13.94042969	43.75097656	0.05766267
-12.94042969	43.75097656	0.05764947
-11.94042969	43.75097656	0.05761475
-10.94042969	43.75097656	0.05743492
-9.94042969	43.75097656	0.05705189
-8.94042969	43.75097656	0.06107716
-7.94042969	43.75097656	0.07050016
-6.94042969	43.75097656	0.04778710
-5.94042969	43.75097656	0.04734269
-4.94042969	43.75097656	0.03946662
-3.94042969	43.75097656	0.03142568
-2.94042969	43.75097656	0.01399933
-1.94042969	43.75097656	0.04750013
-0.94042969	43.75097656	0.02850008
0.05957031	43.75097656	0.02050018
1.05957031	43.75097656	0.00450039
2.05957031	43.75097656	-0.00649977
3.05957031	43.75097656	-0.14649963
4.05957031	43.75097656	-0.13349962
5.05957031	43.75097656	-0.11649990
6.05957031	43.75097656	-0.10349989
7.05957031	43.75097656	-0.09649992
8.05957031	43.75097656	-0.07649994
9.05957031	43.75097656	-0.08949995
10.05957031	43.75097656	-0.09849977
11.05957031	43.75097656	-0.10949993
12.05957031	43.75097656	-0.12449980
13.05957031	43.75097656	-0.13649988
14.05957031	43.75097656	-0.16249990
15.05957031	43.75097656	-0.16649961
16.05957031	43.75097656	0.00850010
17.05957031	43.75097656	0.01750040
18.05957031	43.75097656	0.03750038
19.05957031	43.75097656	0.07450008
20.05957031	43.75097656	0.10539466
21.05957031	43.75097656	0.11887178
22.05957031	43.75097656	0.12663598
23.05957031	43.75097656	0.13188178
24.05957031	43.75097656	0.13507259
25.05957031	43.75097656	0.13710972
26.05957031	43.75097656	0.13745318
27.05957031	43.75097656	0.13890634
28.05957031	43.75097656	0.14741301
-29.94042969	44.75097656	0.05561020
-28.94042969	44.75097656	0.05550268
-27.94042969	44.75097656	0.05470094
-26.94042969	44.75097656	0.05473894
-25.94042969	44.75097656	0.05435300
-24.94042969	44.75097656	0.05427315
-23.94042969	44.75097656	0.05409796
-22.94042969	44.75097656	0.05404233
-21.94042969	44.75097656	0.05397175
-20.94042969	44.75097656	0.05394531
-19.94042969	44.75097656	0.05391893
-18.94042969	44.75097656	0.05390809
-17.94042969	44.75097656	0.05389864
-16.94042969	44.75097656	0.05389443
-15.94042969	44.75097656	0.05389092
-14.94042969	44.75097656	0.05388879
-13.94042969	44.75097656	0.05388627
-12.94042969	44.75097656	0.05388266
-11.94042969	44.75097656	0.05387526
-10.94042969	44.75097656	0.05385384
-9.94042969	44.75097656	0.05377459
-8.94042969	44.75097656	0.05343696
-7.94042969	44.75097656	0.04681821
-6.94042969	44.75097656	0.04471349
-5.94042969	44.75097656	0.04015230
-4.94042969	44.75097656	0.03791242
-3.94042969	44.75097656	0.01534125
-2.94042969	44.75097656	0.03297203
-1.94042969	44.75097656	0.01850033
-0.94042969	44.75097656	0.02650023
0.05957031	44.75097656	0.02550030
1.05957031	44.75097656	0.00950050
2.05957031	44.75097656	-0.00149965
3.05957031	44.75097656	-0.15249968
4.05957031	44.75097656	-0.13749981
5.05957031	44.75097656	-0.11949968
6.05957031	44.75097656	-0.10949993
7.05957031	44.75097656	-0.09749985
8.05957031	44.75097656	-0.08549976
9.05957031	44.75097656	-0.08249950
10.05957031	44.75097656	-0.09249973
11.05957031	44.75097656	-0.10449982
12.05957031	44.75097656	-0.12149954
13.05957031	44.75097656	-0.13149977
14.05957031	44.75097656	-0.16249990
15.05957031	44.75097656	-0.16649961
16.05957031	44.75097656	0.00750017
17.05957031	44.75097656	0.01750040
18.05957031	44.75097656	0.02650023
19.05957031	44.75097656	0.02550030
20.05957031	44.75097656	0.18350029
21.05957031	44.75097656	0.18350029
22.05957031	44.75097656	0.18350029
23.05957031	44.75097656	0.18350029
24.05957031	44.75097656	0.18350029
25.05957031	44.75097656	0.18350029
26.05957031	44.75097656	0.18350029
27.05957031	44.75097656	0.18350029
28.05957031	44.75097656	0.18350029
-29.94042969	45.75097656	0.07350016
-28.94042969	45.75097656	0.07350016
-27.94042969	45.75097656	0.07350016
-26.94042969	45.75097656	0.07350016
-25.94042969	45.75097656	0.07350016
-24.94042969	45.75097656	0.07350016
-23.94042969	45.75097656	0.07350016
-22.94042969	45.75097656	0.07350016
-21.94042969	45.75097656	0.07350016
-20.94042969	45.75097656	0.07350016
-19.94042969	45.75097656	0.07350016
-18.94042969	45.75097656	0.07350016
-17.94042969	45.75097656	0.07350016
-16.94042969	45.75097656	0.07350016
-15.94042969	45.75097656	0.07350016
-14.94042969	45.75097656	0.07350016
-13.94042969	45.75097656	0.07350016
-12.94042969	45.75097656	0.07350016
-11.94042969	45.75097656	0.07350016
-10.94042969	45.75097656	0.07350016
-9.94042969	45.75097656	0.07350016
-8.94042969	45.75097656	0.07350016
-7.94042969	45.75097656	0.07350016
-6.94042969	45.75097656	0.07350016
-5.94042969	45.75097656	0.07350016
-4.94042969	45.75097656	0.07350016
-3.94042969	45.75097656	0.07350016
-2.94042969	45.75097656	0.07350016
-1.94042969	45.75097656	0.07350016
-0.94042969	45.75097656	0.03150034
0.05957031	45.75097656	0.01350021
1.05957031	45.75097656	0.00350046
2.05957031	45.75097656	-0.00449991
3.05957031	45.75097656	-0.12308396
4.05957031	45.75097656	-0.14349985
5.05957031	45.75097656	-0.12649965
6.05957031	45.75097656	-0.11849976
7.05957031	45.75097656	-0.09649992
8.05957031	45.75097656	-0.08849955
9.05957031	45.75097656	-0.07849979
10.05957031	45.75097656	-0.08049965
11.05957031	45.75097656	-0.09549952
12.05957031	45.75097656	-0.11749983
13.05957031	45.75097656	-0.13049984
14.05957031	45.75097656	-0.16049957
15.05957031	45.75097656	-0.15949965
16.05957031	45.75097656	0.00150013
17.05957031	45.75097656	0.00950050
18.05957031	45.75097656	0.02450037
19.05957031	45.75097656	0.05050039
20.05957031	45.75097656	0.12550020
21.05957031	45.75097656	0.11285987
22.05957031	45.75097656	0.12979719
23.05957031	45.75097656	0.16391326
24.05957031	45.75097656	0.17998625
25.05957031	45.75097656	0.22926735
26.05957031	45.75097656	0.23728839
27.05957031	45.75097656	0.26620496
28.05957031	45.75097656	0.27335895
-29.94042969	46.75097656	-0.00021407
-28.94042969	46.75097656	-0.00201815
-27.94042969	46.75097656	-0.00587837
-26.94042969	46.75097656	-0.00595802
-25.94042969	46.75097656	-0.00599690
-24.94042969	46.75097656	-0.00601097
-23.94042969	46.75097656	-0.00601907
-22.94042969	46.75097656	-0.00602223
-21.94042969	46.75097656	-0.00602425
-20.94042969	46.75097656	-0.00602506
-19.94042969	46.75097656	-0.00602560
-18.94042969	46.75097656	-0.00602582
-17.94042969	46.75097656	-0.00602597
-16.94042969	46.75097656	-0.00602603
-15.94042969	46.75097656	-0.00602607
-14.94042969	46.75097656	-0.00602608
-13.94042969	46.75097656	-0.00602610
-12.94042969	46.75097656	-0.00602612
-11.94042969	46.75097656	-0.00602616
-10.94042969	46.75097656	-0.00602626
-9.94042969	46.75097656	-0.00602641
-8.94042969	46.75097656	-0.00602664
-7.94042969	46.75097656	-0.00602905
-6.94042969	46.75097656	-0.00604565
-5.94042969	46.75097656	-0.00609191
-4.94042969	46.75097656	-0.00616059
-3.94042969	46.75097656	-0.00622338
-2.94042969	46.75097656	0.00722275
-1.94042969	46.75097656	0.00878378
-0.94042969	46.75097656	0.03950024
0.05957031	46.75097656	0.02650023
1.05957031	46.75097656	0.02150011
2.05957031	46.75097656	0.01650047
3.05957031	46.75097656	-0.15349960
4.05957031	46.75097656	-0.14249992
5.05957031	46.75097656	-0.12249994
6.05957031	46.75097656	-0.11449957
7.05957031	46.75097656	-0.09749985
8.05957031	46.75097656	-0.08349991
9.05957031	46.75097656	-0.07249975
10.05957031	46.75097656	-0.08349991
11.05957031	46.75097656	-0.09449959
12.05957031	46.75097656	-0.11349964
13.05957031	46.75097656	-0.13349962
14.05957031	46.75097656	-0.15049982
15.05957031	46.75097656	-0.15849972
16.05957031	46.75097656	-0.18449974
17.05957031	46.75097656	0.00050020
18.05957031	46.75097656	0.01550007
19.05957031	46.75097656	0.01050043
20.05957031	46.75097656	0.07750034
21.05957031	46.75097656	0.23904267
22.05957031	46.75097656	0.18449982
23.05957031	46.75097656	0.27329749
24.05957031	46.75097656	0.23128956
25.05957031	46.75097656	0.27466845
26.05957031	46.75097656	0.25822745
27.05957031	46.75097656	0.23054707
28.05957031	46.75097656	0.22240085
-29.94042969	47.75097656	-0.01043969
-28.94042969	47.75097656	-0.01084401
-27.94042969	47.75097656	-0.01127734
-26.94042969	47.75097656	-0.01127811
-25.94042969	47.75097656	-0.01127849
-24.94042969	47.75097656	-0.01127863
-23.94042969	47.75097656	-0.01127871
-22.94042969	47.75097656	-0.01127874
-21.94042969	47.75097656	-0.01127876
-20.94042969	47.75097656	-0.01127877
-19.94042969	47.75097656	-0.01127877
-18.94042969	47.75097656	-0.01127878
-17.94042969	47.75097656	-0.01127878
-16.94042969	47.75097656	-0.01127878
-15.94042969	47.75097656	-0.01127878
-14.94042969	47.75097656	-0.01127878
-13.94042969	47.75097656	-0.01127878
-12.94042969	47.75097656	-0.01127878
-11.94042969	47.75097656	-0.01127878
-10.94042969	47.75097656	-0.01127878
-9.94042969	47.75097656	-0.01127879
-8.94042969	47.75097656	-0.01127881
-7.94042969	47.75097656	-0.01127889
-6.94042969	47.75097656	-0.01127913
-5.94042969	47.75097656	-0.01127968
-4.94042969	47.75097656	-0.01128086
-3.94042969	47.75097656	-0.01127758
-2.94042969	47.75097656	-0.01127737
-1.94042969	47.75097656	0.01711571
-0.94042969	47.75097656	0.01285276
0.05957031	47.75097656	0.04150009
1.05957031	47.75097656	-0.04546661
2.05957031	47.75097656	-0.08843650
3.05957031	47.75097656	-0.16449976
4.05957031	47.75097656	-0.11288277
5.05957031	47.75097656	-0.11849976
6.05957031	47.75097656	-0.10849953
7.05957031	47.75097656	-0.08849955
8.05957031	47.75097656	-0.08049965
9.05957031	47.75097656	-0.06949949
10.05957031	47.75097656	-0.08149958
11.05957031	47.75097656	-0.09249973
12.05957031	47.75097656	-0.10849953
13.05957031	47.75097656	-0.12449980
14.05957031	47.75097656	-0.14349985
15.05957031	47.75097656	-0.15749979
16.05957031	47.75097656	-0.17049980
17.05957031	47.75097656	-0.00154730
18.05957031	47.75097656	0.00250006
19.05957031	47.75097656	0.01850033
20.05957031	47.75097656	0.03450012
21.05957031	47.75097656	0.16967300
22.05957031	47.75097656	0.20617299
23.05957031	47.75097656	0.19633945
24.05957031	47.75097656	0.24631098
25.05957031	47.75097656	0.25974974
26.05957031	47.75097656	0.27522885
27.05957031	47.75097656	0.28224123
28.05957031	47.75097656	0.31229637
-29.94042969	48.75097656	-0.00749969
-28.94042969	48.75097656	-0.00749969
-27.94042969	48.75097656	-0.00749969
-26.94042969	48.75097656	-0.00749969
-25.94042969	48.75097656	-0.00749969
-24.94042969	48.75097656	-0.00749969
-23.94042969	48.75097656	-0.00749969
-22.94042969	48.75097656	-0.00749969
-21.94042969	48.75097656	-0.00749969
-20.94042969	48.75097656	-0.00749969
-19.94042969	48.75097656	-0.00749969
-18.94042969	48.75097656	-0.00749969
-17.94042969	48.75097656	-0.00749969
-16.94042969	48.75097656	-0.00749969
-15.94042969	48.75097656	-0.00749969
-14.94042969	48.75097656	-0.00749969
-13.94042969	48.75097656	-0.00749969
-12.94042969	48.75097656	-0.00749969
-11.94042969	48.75097656	-0.00749969
-10.94042969	48.75097656	-0.00749969
-9.94042969	48.75097656	-0.00749969
-8.94042969	48.75097656	-0.00749969
-7.94042969	48.75097656	-0.00749969
-6.94042969	48.75097656	-0.00749969
-5.94042969	48.75097656	-0.00749969
-4.94042969	48.75097656	-0.00749969
-3.94042969	48.75097656	-0.00749969
-2.94042969	48.75097656	-0.00749969
-1.94042969	48.75097656	-0.00749969
-0.94042969	48.75097656	0.01808236
0.05957031	48.75097656	0.02253233
1.05957031	48.75097656	0.02650023
2.05957031	48.75097656	-0.02159505
3.05957031	48.75097656	-0.11118971
4.05957031	48.75097656	-0.14249992
5.05957031	48.75097656	-0.12349987
6.05957031	48.75097656	-0.10549974
7.05957031	48.75097656	-0.08449984
8.05957031	48.75097656	-0.07049990
9.05957031	48.75097656	-0.07249975
10.05957031	48.75097656	-0.07849979
11.05957031	48.75097656	-0.09049988
12.05957031	48.75097656	-0.10649967
13.05957031	48.75097656	-0.12249994
14.05957031	48.75097656	-0.14049959
15.05957031	48.75097656	-0.15649986
16.05957031	48.75097656	-0.16649961
17.05957031	48.75097656	-0.00049973
18.05957031	48.75097656	0.01650047
19.05957031	48.75097656	0.02250004
20.05957031	48.75097656	0.01250029
21.05957031	48.75097656	0.22350025
22.05957031	48.75097656	0.18005533
23.05957031	48.75097656	0.23014870
24.05957031	48.75097656	0.22293712
25.05957031	48.75097656	0.25516511
26.05957031	48.75097656	0.25196146
27.05957031	48.75097656	0.24840242
28.05957031	48.75097656	0.21623146
-29.94042969	49.75097656	-0.01149988
-28.94042969	49.75097656	-0.01149988
-27.94042969	49.75097656	-0.01149988
-26.94042969	49.75097656	-0.01149988
-25.94042969	49.75097656	-0.01149988
-24.94042969	49.75097656	-0.01149988
-23.94042969	49.75097656	-0.01149988
-22.94042969	49.75097656	-0.01149988
-21.94042969	49.75097656	-0.01149988
-20.94042969	49.75097656	-0.01149988
-19.94042969	49.75097656	-0.01149988
-18.94042969	49.75097656	-0.01149988
-17.94042969	49.75097656	-0.01149988
-16.94042969	49.75097656	-0.01149988
-15.94042969	49.75097656	-0.01149988
-14.94042969	49.75097656	-0.01149988
-13.94042969	49.75097656	-0.01149988
-12.94042969	49.75097656	-0.01149988
-11.94042969	49.75097656	-0.01149988
-10.94042969	49.75097656	-0.01149988
-9.94042969	49.75097656	-0.01149988
-8.94042969	49.75097656	-0.01149988
-7.94042969	49.75097656	-0.01149988
-6.94042969	49.75097656	-0.01149988
-5.94042969	49.75097656	-0.01149988
-4.94042969	49.75097656	-0.01149988
-3.94042969	49.75097656	-0.01149988
-2.94042969	49.75097656	-0.01149988
-1.94042969	49.75097656	-0.01149988
-0.94042969	49.75097656	-0.01149988
0.05957031	49.75097656	0.03150034
1.05957031	49.75097656	0.02450037
2.05957031	49.75097656	-0.12186095
3.05957031	49.75097656	-0.13270271
4.05957031	49.75097656	-0.14649963
5.05957031	49.75097656	-0.10286251
6.05957031	49.75097656	-0.11149979
7.05957031	49.75097656	-0.10049963
8.05957031	49.75097656	-0.09349966
9.05957031	49.75097656	-0.07449961
10.05957031	49.75097656	-0.07549953
11.05957031	49.75097656	-0.08749962
12.05957031	49.75097656	-0.10249996
13.05957031	49.75097656	-0.12149954
14.05957031	49.75097656	-0.13849974
15.05957031	49.75097656	-0.15349960
16.05957031	49.75097656	-0.15949965
17.05957031	49.75097656	0.00050020
18.05957031	49.75097656	0.01550007
19.05957031	49.75097656	0.02250004
20.05957031	49.75097656	0.02150011
21.05957031	49.75097656	0.34550047
22.05957031	49.75097656	0.34550047
23.05957031	49.75097656	0.34550047
24.05957031	49.75097656	0.34550047
25.05957031	49.75097656	0.34550047
26.05957031	49.75097656	0.34550047
27.05957031	49.75097656	0.34550047
28.05957031	49.75097656	0.34550047
-29.94042969	50.75097656	-0.00149965
-28.94042969	50.75097656	-0.00149965
-27.94042969	50.75097656	-0.00149965
-26.94042969	50.75097656	-0.00149965
-25.94042969	50.75097656	-0.00149965
-24.94042969	50.75097656	-0.00149965
-23.94042969	50.75097656	-0.00149965
-22.94042969	50.75097656	-0.00149965
-21.94042969	50.75097656	-0.00149965
-20.94042969	50.75097656	-0.00149965
-19.94042969	50.75097656	-0.00149965
-18.94042969	50.75097656	-0.00149965
-17.94042969	50.75097656	-0.00149965
-16.94042969	50.75097656	-0.00149965
-15.94042969	50.75097656	-0.00149965
-14.94042969	50.75097656	-0.00149965
-13.94042969	50.75097656	-0.00149965
-12.94042969	50.75097656	-0.00149965
-11.94042969	50.75097656	-0.00149965
-10.94042969	50.75097656	-0.00149965
-9.94042969	50.75097656	-0.00149965
-8.94042969	50.75097656	-0.00149965
-7.94042969	50.75097656	-0.00149965
-6.94042969	50.75097656	-0.00149965
-5.94042969	50.75097656	-0.00149965
-4.94042969	50.75097656	-0.00149965
-3.94042969	50.75097656	-0.00149965
-2.94042969	50.75097656	-0.00149965
-1.94042969	50.75097656	-0.00149965
-0.94042969	50.75097656	-0.00149965
0.05957031	50.75097656	0.02150011
1.05957031	50.75097656	0.02050018
2.05957031	50.75097656	0.00950050
3.05957031	50.75097656	-0.00149965
4.05957031	50.75097656	-0.14649963
5.05957031	50.75097656	-0.13349962
6.05957031	50.75097656	-0.11949968
7.05957031	50.75097656	-0.10449982
8.05957031	50.75097656	-0.09149981
9.05957031	50.75097656	-0.07449961
10.05957031	50.75097656	-0.07949972
11.05957031	50.75097656	-0.08749962
12.05957031	50.75097656	-0.10149956
13.05957031	50.75097656	-0.11249971
14.05957031	50.75097656	-0.12949991
15.05957031	50.75097656	-0.14049959
16.05957031	50.75097656	-0.15449953
17.05957031	50.75097656	-0.16249990
18.05957031	50.75097656	0.02150011
19.05957031	50.75097656	0.02750015
20.05957031	50.75097656	0.03050041
21.05957031	50.75097656	0.22950029
22.05957031	50.75097656	0.13925575
23.05957031	50.75097656	0.21886111
24.05957031	50.75097656	0.19240382
25.05957031	50.75097656	0.22919724
26.05957031	50.75097656	0.22254299
27.05957031	50.75097656	0.21895935
28.05957031	50.75097656	0.21532355
-29.94042969	51.75097656	0.15850019
-28.94042969	51.75097656	0.15850019
-27.94042969	51.75097656	0.15850019
-26.94042969	51.75097656	0.15850019
-25.94042969	51.75097656	0.15850019
-24.94042969	51.75097656	0.15850019
-23.94042969	51.75097656	0.15850019
-22.94042969	51.75097656	0.15850019
-21.94042969	51.75097656	0.15850019
-20.94042969	51.75097656	0.15850019
-19.94042969	51.75097656	0.15850019
-18.94042969	51.75097656	0.15850019
-17.94042969	51.75097656	0.15850019
-16.94042969	51.75097656	0.15850019
-15.94042969	51.75097656	0.15850019
-14.94042969	51.75097656	0.15850019
-13.94042969	51.75097656	0.15850019
-12.94042969	51.75097656	0.15850019
-11.94042969	51.75097656	0.15850019
-10.94042969	51.75097656	0.15850019
-9.94042969	51.75097656	0.15850019
-8.94042969	51.75097656	0.15850019
-7.94042969	51.75097656	0.15850019
-6.94042969	51.75097656	0.15850019
-5.94042969	51.75097656	0.15850019
-4.94042969	51.75097656	0.15850019
-3.94042969	51.75097656	0.15850019
-2.94042969	51.75097656	0.15850019
-1.94042969	51.75097656	0.15850019
-0.94042969	51.75097656	0.15850019
0.05957031	51.75097656	0.04150009
1.05957031	51.75097656	0.03150034
2.05957031	51.75097656	-0.11623760
3.05957031	51.75097656	0.00150013
4.05957031	51.75097656	-0.14749956
5.05957031	51.75097656	-0.09357018
6.05957031	51.75097656	-0.12149954
7.05957031	51.75097656	-0.10849953
8.05957031	51.75097656	-0.09749985
9.05957031	51.75097656	-0.09049988
10.05957031	51.75097656	-0.07849979
11.05957031	51.75097656	-0.08549976
12.05957031	51.75097656	-0.09449959
13.05957031	51.75097656	-0.10649967
14.05957031	51.75097656	-0.12549973
15.05957031	51.75097656	-0.14249992
16.05957031	51.75097656	-0.15749979
17.05957031	51.75097656	-0.16349983
18.05957031	51.75097656	0.01650047
19.05957031	51.75097656	0.02750015
20.05957031	51.75097656	0.03450012
21.05957031	51.75097656	0.05250025
22.05957031	51.75097656	0.10666350
23.05957031	51.75097656	0.11050789
24.05957031	51.75097656	0.11745858
25.05957031	51.75097656	0.11798922
26.05957031	51.75097656	0.11807505
27.05957031	51.75097656	0.12405318
28.05957031	51.75097656	0.11981991
-29.94042969	52.75097656	0.26450014
-28.94042969	52.75097656	0.26450014
-27.94042969	52.75097656	0.26450014
-26.94042969	52.75097656	0.26450014
-25.94042969	52.75097656	0.26450014
-24.94042969	52.75097656	0.26450014
-23.94042969	52.75097656	0.26450014
-22.94042969	52.75097656	0.26450014
-21.94042969	52.75097656	0.26450014
-20.94042969	52.75097656	0.26450014
-19.94042969	52.75097656	0.26450014
-18.94042969	52.75097656	0.26450014
-17.94042969	52.75097656	0.26450014
-16.94042969	52.75097656	0.26450014
-15.94042969	52.75097656	0.26450014
-14.94042969	52.75097656	0.26450014
-13.94042969	52.75097656	0.26450014
-12.94042969	52.75097656	0.26450014
-11.94042969	52.75097656	0.26450014
-10.94042969	52.75097656	0.26450014
-9.94042969	52.75097656	0.26450014
-8.94042969	52.75097656	0.26450014
-7.94042969	52.75097656	0.26450014
-6.94042969	52.75097656	0.26450014
-5.94042969	52.75097656	0.26450014
-4.94042969	52.75097656	0.26450014
-3.94042969	52.75097656	0.26450014
-2.94042969	52.75097656	0.26450014
-1.94042969	52.75097656	0.26450014
-0.94042969	52.75097656	0.26450014
0.05957031	52.75097656	0.02550030
1.05957031	52.75097656	0.04150009
2.05957031	52.75097656	0.02850008
3.05957031	52.75097656	0.00650024
4.05957031	52.75097656	-0.14849949
5.05957031	52.75097656	-0.10884975
6.05957031	52.75097656	-0.12349987
7.05957031	52.75097656	-0.11549950
8.05957031	52.75097656	-0.09949970
9.05957031	52.75097656	-0.09049988
10.05957031	52.75097656	-0.07849979
11.05957031	52.75097656	-0.08549976
12.05957031	52.75097656	-0.09049988
13.05957031	52.75097656	-0.10449982
14.05957031	52.75097656	-0.11949968
15.05957031	52.75097656	-0.13249969
16.05957031	52.75097656	-0.15149975
17.05957031	52.75097656	-0.15649986
18.05957031	52.75097656	0.01250029
19.05957031	52.75097656	0.01650047
20.05957031	52.75097656	0.02750015
21.05957031	52.75097656	0.04350042
22.05957031	52.75097656	0.14893036
23.05957031	52.75097656	0.15249499
24.05957031	52.75097656	0.18997713
25.05957031	52.75097656	0.19059209
26.05957031	52.75097656	0.20098592
27.05957031	52.75097656	0.19432745
28.05957031	52.75097656	0.19520753
-29.94042969	53.75097656	0.44750023
-28.94042969	53.75097656	0.44750023
-27.94042969	53.75097656	0.44750023
-26.94042969	53.75097656	0.44750023
-25.94042969	53.75097656	0.44750023
-24.94042969	53.75097656	0.44750023
-23.94042969	53.75097656	0.44750023
-22.94042969	53.75097656	0.44750023
-21.94042969	53.75097656	0.44750023
-20.94042969	53.75097656	0.44750023
-19.94042969	53.75097656	0.44750023
-18.94042969	53.75097656	0.44750023
-17.94042969	53.75097656	0.44750023
-16.94042969	53.75097656	0.44750023
-15.94042969	53.75097656	0.44750023
-14.94042969	53.75097656	0.44750023
-13.94042969	53.75097656	0.44750023
-12.94042969	53.75097656	0.44750023
-11.94042969	53.75097656	0.44750023
-10.94042969	53.75097656	0.44750023
-9.94042969	53.75097656	0.44750023
-8.94042969	53.75097656	0.44750023
-7.94042969	53.75097656	0.44750023
-6.94042969	53.75097656	0.44750023
-5.94042969	53.75097656	0.44750023
-4.94042969	53.75097656	0.44750023
-3.94042969	53.75097656	0.44750023
-2.94042969	53.75097656	0.44750023
-1.94042969	53.75097656	0.44750023
-0.94042969	53.75097656	0.44750023
0.05957031	53.75097656	0.03950024
1.05957031	53.75097656	0.03197651
2.05957031	53.75097656	0.01557763
3.05957031	53.75097656	-0.08446253
4.05957031	53.75097656	-0.15749979
5.05957031	53.75097656	-0.11212489
6.05957031	53.75097656	-0.12549973
7.05957031	53.75097656	-0.11649990
8.05957031	53.75097656	-0.10149956
9.05957031	53.75097656	-0.09049988
10.05957031	53.75097656	-0.08249950
11.05957031	53.75097656	-0.08349991
12.05957031	53.75097656	-0.09049988
13.05957031	53.75097656	-0.09849977
14.05957031	53.75097656	-0.11449957
15.05957031	53.75097656	-0.12649965
16.05957031	53.75097656	-0.14649963
17.05957031	53.75097656	-0.15149975
18.05957031	53.75097656	-0.03303889
19.05957031	53.75097656	0.00650024
20.05957031	53.75097656	0.02650023
21.05957031	53.75097656	0.03750038
22.05957031	53.75097656	0.11450005
23.05957031	53.75097656	0.11450005
24.05957031	53.75097656	0.11450005
25.05957031	53.75097656	0.11450005
26.05957031	53.75097656	0.11450005
27.05957031	53.75097656	0.11450005
28.05957031	53.75097656	0.11450005
-29.94042969	54.75097656	0.04550028
-28.94042969	54.75097656	0.04550028
-27.94042969	54.75097656	0.04550028
-26.94042969	54.75097656	0.04550028
-25.94042969	54.75097656	0.04550028
-24.94042969	54.75097656	0.04550028
-23.94042969	54.75097656	0.04550028
-22.94042969	54.75097656	0.04550028
-21.94042969	54.75097656	0.04550028
-20.94042969	54.75097656	0.04550028
-19.94042969	54.75097656	0.04550028
-18.94042969	54.75097656	0.04550028
-17.94042969	54.75097656	0.04550028
-16.94042969	54.75097656	0.04550028
-15.94042969	54.75097656	0.04550028
-14.94042969	54.75097656	0.04550028
-13.94042969	54.75097656	0.04550028
-12.94042969	54.75097656	0.04550028
-11.94042969	54.75097656	0.04550028
-10.94042969	54.75097656	0.04550028
-9.94042969	54.75097656	0.04550028
-8.94042969	54.75097656	0.04550028
-7.94042969	54.75097656	0.04550028
-6.94042969	54.75097656	0.04550028
-5.94042969	54.75097656	0.04550028
-4.94042969	54.75097656	0.04550028
-3.94042969	54.75097656	0.04550028
-2.94042969	54.75097656	0.04550028
-1.94042969	54.75097656	0.04550028
-0.94042969	54.75097656	0.04550028
0.05957031	54.75097656	0.04550028
1.05957031	54.75097656	0.04182029
2.05957031	54.75097656	0.03950024
3.05957031	54.75097656	0.02050018
4.05957031	54.75097656	-0.13749981
5.05957031	54.75097656	-0.13849974
6.05957031	54.75097656	-0.11849976
7.05957031	54.75097656	-0.11249971
8.05957031	54.75097656	-0.10549974
9.05957031	54.75097656	-0.09149981
10.05957031	54.75097656	-0.08149958
11.05957031	54.75097656	-0.08149958
12.05957031	54.75097656	-0.08349991
13.05957031	54.75097656	-0.09449959
14.05957031	54.75097656	-0.10649967
15.05957031	54.75097656	-0.12049961
16.05957031	54.75097656	-0.13449955
17.05957031	54.75097656	-0.15249968
18.05957031	54.75097656	-0.15749979
19.05957031	54.75097656	0.02550030
20.05957031	54.75097656	0.02850008
21.05957031	54.75097656	0.03650045
22.05957031	54.75097656	0.08363982
23.05957031	54.75097656	0.11460569
24.05957031	54.75097656	0.20450020
25.05957031	54.75097656	0.20450020
26.05957031	54.75097656	0.20450020
27.05957031	54.75097656	0.20450020
28.05957031	54.75097656	0.20450020
-29.94042969	55.75097656	0.04162218
-28.94042969	55.75097656	0.03986706
-27.94042969	55.75097656	0.04017440
-26.94042969	55.75097656	0.04057146
-25.94042969	55.75097656	0.04043243
-24.94042969	55.75097656	0.04040992
-23.94042969	55.75097656	0.04037518
-22.94042969	55.75097656	0.04036501
-21.94042969	55.75097656	0.04035324
-20.94042969	55.75097656	0.04034862
-19.94042969	55.75097656	0.04034383
-18.94042969	55.75097656	0.04034171
-17.94042969	55.75097656	0.04033960
-16.94042969	55.75097656	0.04033859
-15.94042969	55.75097656	0.04033760
-14.94042969	55.75097656	0.04033710
-13.94042969	55.75097656	0.04033368
-12.94042969	55.75097656	0.04033241
-11.94042969	55.75097656	0.04032724
-10.94042969	55.75097656	0.04032566
-9.94042969	55.75097656	0.04032160
-8.94042969	55.75097656	0.04032061
-7.94042969	55.75097656	0.04031820
-6.94042969	55.75097656	0.04031710
-5.94042969	55.75097656	0.04031298
-4.94042969	55.75097656	0.04030825
-3.94042969	55.75097656	0.04020102
-2.94042969	55.75097656	0.03974258
-1.94042969	55.75097656	0.04042880
-0.94042969	55.75097656	0.05012049
0.05957031	55.75097656	0.04281646
1.05957031	55.75097656	0.05550051
2.05957031	55.75097656	0.03850031
3.05957031	55.75097656	0.02250004
4.05957031	55.75097656	0.00550032
5.05957031	55.75097656	-0.13749981
6.05957031	55.75097656	-0.12549973
7.05957031	55.75097656	-0.11849976
8.05957031	55.75097656	-0.10549974
9.05957031	55.75097656	-0.09449959
10.05957031	55.75097656	-0.08149958
11.05957031	55.75097656	-0.07749987
12.05957031	55.75097656	-0.08249950
13.05957031	55.75097656	-0.09249973
14.05957031	55.75097656	-0.10449982
15.05957031	55.75097656	-0.12249994
16.05957031	55.75097656	-0.13249969
17.05957031	55.75097656	-0.14849949
18.05957031	55.75097656	-0.15849972
19.05957031	55.75097656	0.01450014
20.05957031	55.75097656	0.02150011
21.05957031	55.75097656	0.03550005
22.05957031	55.75097656	0.08450031
23.05957031	55.75097656	0.11762852
24.05957031	55.75097656	0.13886700
25.05957031	55.75097656	0.13984764
26.05957031	55.75097656	0.14046270
27.05957031	55.75097656	0.14694514
28.05957031	55.75097656	0.10482899
-29.94042969	56.75097656	0.03589174
-28.94042969	56.75097656	0.03047934
-27.94042969	56.75097656	0.04185605
-26.94042969	56.75097656	0.04333847
-25.94042969	56.75097656	0.04203676
-24.94042969	56.75097656	0.04199754
-23.94042969	56.75097656	0.04198890
-22.94042969	56.75097656	0.04197669
-21.94042969	56.75097656	0.04197202
-20.94042969	56.75097656	0.04196744
-19.94042969	56.75097656	0.04196515
-18.94042969	56.75097656	0.04196323
-17.94042969	56.75097656	0.04196213
-16.94042969	56.75097656	0.04196128
-15.94042969	56.75097656	0.04196076
-14.94042969	56.75097656	0.04196037
-13.94042969	56.75097656	0.04195862
-12.94042969	56.75097656	0.04195790
-11.94042969	56.75097656	0.04195648
-10.94042969	56.75097656	0.04195459
-9.94042969	56.75097656	0.04195324
-8.94042969	56.75097656	0.04194913
-7.94042969	56.75097656	0.04194770
-6.94042969	56.75097656	0.04194408
-5.94042969	56.75097656	0.04194376
-4.94042969	56.75097656	0.04193968
-3.94042969	56.75097656	0.04193320
-2.94042969	56.75097656	0.04193535
-1.94042969	56.75097656	0.04279973
-0.94042969	56.75097656	0.04244147
0.05957031	56.75097656	0.05204427
1.05957031	56.75097656	0.03850031
2.05957031	56.75097656	0.03950024
3.05957031	56.75097656	0.01950026
4.05957031	56.75097656	0.00450039
5.05957031	56.75097656	-0.13749981
6.05957031	56.75097656	-0.12949991
7.05957031	56.75097656	-0.11349964
8.05957031	56.75097656	-0.10249996
9.05957031	56.75097656	-0.09349966
10.05957031	56.75097656	-0.07649994
11.05957031	56.75097656	-0.08049965
12.05957031	56.75097656	-0.08049965
13.05957031	56.75097656	-0.08849955
14.05957031	56.75097656	-0.09949970
15.05957031	56.75097656	-0.11649990
16.05957031	56.75097656	-0.13349962
17.05957031	56.75097656	-0.14249992
18.05957031	56.75097656	-0.14949989
19.05957031	56.75097656	0.00850010
20.05957031	56.75097656	0.02250004
21.05957031	56.75097656	0.03650045
22.05957031	56.75097656	0.04150009
23.05957031	56.75097656	0.11493459
24.05957031	56.75097656	0.15717657
25.05957031	56.75097656	0.16433859
26.05957031	56.75097656	0.16772130
27.05957031	56.75097656	0.16963842
28.05957031	56.75097656	0.18987953
-29.94042969	57.75097656	0.03837918
-28.94042969	57.75097656	0.04031430
-27.94042969	57.75097656	0.03954462
-26.94042969	57.75097656	0.03864676
-25.94042969	57.75097656	0.03867189
-24.94042969	57.75097656	0.03864350
-23.94042969	57.75097656	0.03863115
-22.94042969	57.75097656	0.03861931
-21.94042969	57.75097656	0.03860952
-20.94042969	57.75097656	0.03860431
-19.94042969	57.75097656	0.03859914
-18.94042969	57.75097656	0.03859679
-17.94042969	57.75097656	0.03859432
-16.94042969	57.75097656	0.03859323
-15.94042969	57.75097656	0.03859208
-14.94042969	57.75097656	0.03859155
-13.94042969	57.75097656	0.03858966
-12.94042969	57.75097656	0.03858893
-11.94042969	57.75097656	0.03858407
-10.94042969	57.75097656	0.03858264
-9.94042969	57.75097656	0.03857896
-8.94042969	57.75097656	0.03857844
-7.94042969	57.75097656	0.03857489
-6.94042969	57.75097656	0.03857782
-5.94042969	57.75097656	0.03857779
-4.94042969	57.75097656	0.03857711
-3.94042969	57.75097656	0.03854890
-2.94042969	57.75097656	0.03828311
-1.94042969	57.75097656	0.03802974
-0.94042969	57.75097656	0.05005289
0.05957031	57.75097656	0.03736139
1.05957031	57.75097656	0.03250027
2.05957031	57.75097656	0.04650021
3.05957031	57.75097656	0.02050018
4.05957031	57.75097656	-0.08165817
5.05957031	57.75097656	-0.11174527
6.05957031	57.75097656	-0.10177836
7.05957031	57.75097656	-0.11249971
8.05957031	57.75097656	-0.10549974
9.05957031	57.75097656	-0.09049988
10.05957031	57.75097656	-0.08649969
11.05957031	57.75097656	-0.07849979
12.05957031	57.75097656	-0.08049965
13.05957031	57.75097656	-0.08749962
14.05957031	57.75097656	-0.09949970
15.05957031	57.75097656	-0.11349964
16.05957031	57.75097656	-0.13149977
17.05957031	57.75097656	-0.13949966
18.05957031	57.75097656	-0.14749956
19.05957031	57.75097656	0.00250006
20.05957031	57.75097656	0.01950026
21.05957031	57.75097656	0.03350019
22.05957031	57.75097656	0.03250027
23.05957031	57.75097656	0.10558273
24.05957031	57.75097656	0.12380638
25.05957031	57.75097656	0.12590529
26.05957031	57.75097656	0.12779255
27.05957031	57.75097656	0.10257272
28.05957031	57.75097656	0.10281148
-29.94042969	58.75097656	0.03381969
-28.94042969	58.75097656	0.03337277
-27.94042969	58.75097656	0.03027731
-26.94042969	58.75097656	0.02991679
-25.94042969	58.75097656	0.02621116
-24.94042969	58.75097656	0.02606689
-23.94042969	58.75097656	0.02616230
-22.94042969	58.75097656	0.02609664
-21.94042969	58.75097656	0.02612373
-20.94042969	58.75097656	0.02609381
-19.94042969	58.75097656	0.02610208
-18.94042969	58.75097656	0.02608854
-17.94042969	58.75097656	0.02609096
-16.94042969	58.75097656	0.02608484
-15.94042969	58.75097656	0.02608321
-14.94042969	58.75097656	0.02607982
-13.94042969	58.75097656	0.02607483
-12.94042969	58.75097656	0.02605800
-11.94042969	58.75097656	0.02605090
-10.94042969	58.75097656	0.02603269
-9.94042969	58.75097656	0.02602818
-8.94042969	58.75097656	0.02601254
-7.94042969	58.75097656	0.02600956
-6.94042969	58.75097656	0.02599735
-5.94042969	58.75097656	0.02599221
-4.94042969	58.75097656	0.02597479
-3.94042969	58.75097656	0.02595167
-2.94042969	58.75097656	0.02809534
-1.94042969	58.75097656	0.02913203
-0.94042969	58.75097656	0.02620471
0.05957031	58.75097656	0.03936077
1.05957031	58.75097656	0.03050041
2.05957031	58.75097656	0.03650045
3.05957031	58.75097656	0.03350019
4.05957031	58.75097656	0.01950026
5.05957031	58.75097656	-0.07945903
6.05957031	58.75097656	-0.11294883
7.05957031	58.75097656	-0.12249994
8.05957031	58.75097656	-0.10749960
9.05957031	58.75097656	-0.09749985
10.05957031	58.75097656	-0.08949995
11.05957031	58.75097656	-0.08349991
12.05957031	58.75097656	-0.07949972
13.05957031	58.75097656	-0.08649969
14.05957031	58.75097656	-0.09349966
15.05957031	58.75097656	-0.10949993
16.05957031	58.75097656	-0.13049984
17.05957031	58.75097656	-0.13149977
18.05957031	58.75097656	-0.15149975
19.05957031	58.75097656	-0.00649977
20.05957031	58.75097656	-0.00549984
21.05957031	58.75097656	0.02650023
22.05957031	58.75097656	0.02750015
23.05957031	58.75097656	0.05140695
24.05957031	58.75097656	0.04244898
25.05957031	58.75097656	0.05201916
26.05957031	58.75097656	0.04927877
27.05957031	58.75097656	0.05216171
28.05957031	58.75097656	0.04939429
-29.94042969	59.75097656	0.02350044
-28.94042969	59.75097656	0.02350044
-27.94042969	59.75097656	0.02350044
-26.94042969	59.75097656	0.02350044
-25.94042969	59.75097656	0.02350044
-24.94042969	59.75097656	0.02350044
-23.94042969	59.75097656	0.02350044
-22.94042969	59.75097656	0.02350044
-21.94042969	59.75097656	0.02350044
-20.94042969	59.75097656	0.02350044
-19.94042969	59.75097656	0.02350044
-18.94042969	59.75097656	0.02350044
-17.94042969	59.75097656	0.02350044
-16.94042969	59.75097656	0.02350044
-15.94042969	59.75097656	0.02350044
-14.94042969	59.75097656	0.02350044
-13.94042969	59.75097656	0.02350044
-12.94042969	59.75097656	0.02350044
-11.94042969	59.75097656	0.02350044
-10.94042969	59.75097656	0.02350044
-9.94042969	59.75097656	0.02350044
-8.94042969	59.75097656	0.02350044
-7.94042969	59.75097656	0.02350044
-6.94042969	59.75097656	0.02350044
-5.94042969	59.75097656	0.02350044
-4.94042969	59.75097656	0.02350044
-3.94042969	59.75097656	0.02350044
-2.94042969	59.75097656	0.02350044
-1.94042969	59.75097656	0.02350044
-0.94042969	59.75097656	0.02350044
0.05957031	59.75097656	0.02350044
1.05957031	59.75097656	0.02350044
2.05957031	59.75097656	0.03850031
3.05957031	59.75097656	0.03950024
4.05957031	59.75097656	-0.09022649
5.05957031	59.75097656	-0.15449953
6.05957031	59.75097656	-0.14249992
7.05957031	59.75097656	-0.12549973
8.05957031	59.75097656	-0.11649990
9.05957031	59.75097656	-0.10049963
10.05957031	59.75097656	-0.09149981
11.05957031	59.75097656	-0.08149958
12.05957031	59.75097656	-0.08349991
13.05957031	59.75097656	-0.08749962
14.05957031	59.75097656	-0.09349966
15.05957031	59.75097656	-0.10949993
16.05957031	59.75097656	-0.12249994
17.05957031	59.75097656	-0.13949966
18.05957031	59.75097656	-0.15549994
19.05957031	59.75097656	-0.16949987
20.05957031	59.75097656	0.00517468
21.05957031	59.75097656	0.02250004
22.05957031	59.75097656	0.02250004
23.05957031	59.75097656	0.05750036
24.05957031	59.75097656	0.05750036
25.05957031	59.75097656	0.05750036
26.05957031	59.75097656	0.05750036
27.05957031	59.75097656	0.05750036
28.05957031	59.75097656	0.05750036
-29.94042969	60.75097656	0.03542260
-28.94042969	60.75097656	0.03563435
-27.94042969	60.75097656	0.03557491
-26.94042969	60.75097656	0.03569274
-25.94042969	60.75097656	0.03522838
-24.94042969	60.75097656	0.03525667
-23.94042969	60.75097656	0.03491815
-22.94042969	60.75097656	0.03491621
-21.94042969	60.75097656	0.03473310
-20.94042969	60.75097656	0.03472584
-19.94042969	60.75097656	0.03463849
-18.94042969	60.75097656	0.03463250
-17.94042969	60.75097656	0.03459325
-16.94042969	60.75097656	0.03458916
-15.94042969	60.75097656	0.03457149
-14.94042969	60.75097656	0.03456846
-13.94042969	60.75097656	0.03455920
-12.94042969	60.75097656	0.03455590
-11.94042969	60.75097656	0.03454977
-10.94042969	60.75097656	0.03103530
-9.94042969	60.75097656	0.03102725
-8.94042969	60.75097656	0.02982046
-7.94042969	60.75097656	0.02981383
-6.94042969	60.75097656	0.02859700
-5.94042969	60.75097656	0.02858933
-4.94042969	60.75097656	0.02853005
-3.94042969	60.75097656	0.02849371
-2.94042969	60.75097656	0.02873956
-1.94042969	60.75097656	0.02881455
-0.94042969	60.75097656	0.02961654
0.05957031	60.75097656	0.03443238
1.05957031	60.75097656	0.02501590
2.05957031	60.75097656	0.04550028
3.05957031	60.75097656	0.04550028
4.05957031	60.75097656	0.02450037
5.05957031	60.75097656	-0.09954473
6.05957031	60.75097656	-0.14649963
7.05957031	60.75097656	-0.12249994
8.05957031	60.75097656	-0.11649990
9.05957031	60.75097656	-0.10449982
10.05957031	60.75097656	-0.09249973
11.05957031	60.75097656	-0.08449984
12.05957031	60.75097656	-0.07749987
13.05957031	60.75097656	-0.08449984
14.05957031	60.75097656	-0.09249973
15.05957031	60.75097656	-0.10649967
16.05957031	60.75097656	-0.12249994
17.05957031	60.75097656	-0.13649988
18.05957031	60.75097656	-0.15349960
19.05957031	60.75097656	-0.16349983
20.05957031	60.75097656	-0.00749969
21.05957031	60.75097656	0.00850010
22.05957031	60.75097656	0.02550030
23.05957031	60.75097656	0.05950022
24.05957031	60.75097656	0.03138230
25.05957031	60.75097656	0.04166069
26.05957031	60.75097656	0.04579659
27.05957031	60.75097656	0.04819746
28.05957031	60.75097656	0.04560198
-29.94042969	61.75097656	0.03012144
-28.94042969	61.75097656	0.03232037
-27.94042969	61.75097656	0.03305045
-26.94042969	61.75097656	0.03311363
-25.94042969	61.75097656	0.03314278
-24.94042969	61.75097656	0.03304382
-23.94042969	61.75097656	0.03302667
-22.94042969	61.75097656	0.03296244
-21.94042969	61.75097656	0.03295011
-20.94042969	61.75097656	0.03291799
-19.94042969	61.75097656	0.03291127
-18.94042969	61.75097656	0.03289632
-17.94042969	61.75097656	0.03289255
-16.94042969	61.75097656	0.03288506
-15.94042969	61.75097656	0.03288183
-14.94042969	61.75097656	0.03287649
-13.94042969	61.75097656	0.03287226
-12.94042969	61.75097656	0.03286746
-11.94042969	61.75097656	0.03286329
-10.94042969	61.75097656	0.03285942
-9.94042969	61.75097656	0.03432188
-8.94042969	61.75097656	0.03198503
-7.94042969	61.75097656	0.02964425
-6.94042969	61.75097656	0.02962674
-5.94042969	61.75097656	0.02964819
-4.94042969	61.75097656	0.02966573
-3.94042969	61.75097656	0.02967769
-2.94042969	61.75097656	0.03081627
-1.94042969	61.75097656	0.03138894
-0.94042969	61.75097656	0.02879386
0.05957031	61.75097656	0.02458898
1.05957031	61.75097656	0.03115652
2.05957031	61.75097656	0.01850033
3.05957031	61.75097656	0.03550005
4.05957031	61.75097656	0.02150011
5.05957031	61.75097656	0.00350046
6.05957031	61.75097656	-0.14749956
7.05957031	61.75097656	-0.13749981
8.05957031	61.75097656	-0.12149954
9.05957031	61.75097656	-0.10949993
10.05957031	61.75097656	-0.09549952
11.05957031	61.75097656	-0.08349991
12.05957031	61.75097656	-0.07749987
13.05957031	61.75097656	-0.07949972
14.05957031	61.75097656	-0.09349966
15.05957031	61.75097656	-0.10549974
16.05957031	61.75097656	-0.12049961
17.05957031	61.75097656	-0.13849974
18.05957031	61.75097656	-0.15249968
19.05957031	61.75097656	-0.15949965
20.05957031	61.75097656	-0.00349951
21.05957031	61.75097656	0.00750017
22.05957031	61.75097656	0.02750015
23.05957031	61.75097656	0.02150011
24.05957031	61.75097656	0.04306539
25.05957031	61.75097656	0.04474531
26.05957031	61.75097656	0.04739558
27.05957031	61.75097656	0.04529561
28.05957031	61.75097656	0.04605719
-29.94042969	62.75097656	0.03431418
-28.94042969	62.75097656	0.03487788
-27.94042969	62.75097656	0.03437756
-26.94042969	62.75097656	0.03442154
-25.94042969	62.75097656	0.03398907
-24.94042969	62.75097656	0.03396504
-23.94042969	62.75097656	0.03372781
-22.94042969	62.75097656	0.03370444
-21.94042969	62.75097656	0.03359038
-20.94042969	62.75097656	0.03357553
-19.94042969	62.75097656	0.03352369
-18.94042969	62.75097656	0.03351534
-17.94042969	62.75097656	0.03349164
-16.94042969	62.75097656	0.03348709
-15.94042969	62.75097656	0.03347540
-14.94042969	62.75097656	0.03347201
-13.94042969	62.75097656	0.03346473
-12.94042969	62.75097656	0.03346133
-11.94042969	62.75097656	0.03345602
-10.94042969	62.75097656	0.03206856
-9.94042969	62.75097656	0.03153935
-8.94042969	62.75097656	0.03118984
-7.94042969	62.75097656	0.03020368
-6.94042969	62.75097656	0.03039564
-5.94042969	62.75097656	0.03038661
-4.94042969	62.75097656	0.03033234
-3.94042969	62.75097656	0.03031546
-2.94042969	62.75097656	0.03051982
-1.94042969	62.75097656	0.03051238
-0.94042969	62.75097656	0.03158673
0.05957031	62.75097656	0.03626939
1.05957031	62.75097656	0.02371423
2.05957031	62.75097656	0.01350021
3.05957031	62.75097656	0.02450037
4.05957031	62.75097656	0.01250029
5.05957031	62.75097656	-0.00349951
6.05957031	62.75097656	-0.14949989
7.05957031	62.75097656	-0.14249992
8.05957031	62.75097656	-0.12349987
9.05957031	62.75097656	-0.11249971
10.05957031	62.75097656	-0.09949970
11.05957031	62.75097656	-0.08649969
12.05957031	62.75097656	-0.07749987
13.05957031	62.75097656	-0.07849979
14.05957031	62.75097656	-0.09049988
15.05957031	62.75097656	-0.09749985
16.05957031	62.75097656	-0.11749983
17.05957031	62.75097656	-0.12649965
18.05957031	62.75097656	-0.14649963
19.05957031	62.75097656	-0.16049957
20.05957031	62.75097656	-0.01849985
21.05957031	62.75097656	0.00050020
22.05957031	62.75097656	0.02050018
23.05957031	62.75097656	0.02450037
24.05957031	62.75097656	0.03237155
25.05957031	62.75097656	0.04129218
26.05957031	62.75097656	0.04519748
27.05957031	62.75097656	0.04707344
28.05957031	62.75097656	0.04550246
-29.94042969	63.75097656	0.03950024
-28.94042969	63.75097656	0.03950024
-27.94042969	63.75097656	0.03950024
-26.94042969	63.75097656	0.03950024
-25.94042969	63.75097656	0.03950024
-24.94042969	63.75097656	0.03950024
-23.94042969	63.75097656	0.03950024
-22.94042969	63.75097656	0.03950024
-21.94042969	63.75097656	0.03950024
-20.94042969	63.75097656	0.03950024
-19.94042969	63.75097656	0.03950024
-18.94042969	63.75097656	0.03950024
-17.94042969	63.75097656	0.03950024
-16.94042969	63.75097656	0.03950024
-15.94042969	63.75097656	0.03950024
-14.94042969	63.75097656	0.03950024
-13.94042969	63.75097656	0.03950024
-12.94042969	63.75097656	0.03950024
-11.94042969	63.75097656	0.03950024
-10.94042969	63.75097656	0.03950024
-9.94042969	63.75097656	0.03950024
-8.94042969	63.75097656	0.03950024
-7.94042969	63.75097656	0.03950024
-6.94042969	63.75097656	0.03950024
-5.94042969	63.75097656	0.03950024
-4.94042969	63.75097656	0.03950024
-3.94042969	63.75097656	0.03950024
-2.94042969	63.75097656	0.03950024
-1.94042969	63.75097656	0.03950024
-0.94042969	63.75097656	0.03950024
0.05957031	63.75097656	0.03950024
1.05957031	63.75097656	0.03950024
2.05957031	63.75097656	0.03950024
3.05957031	63.75097656	0.02750015
4.05957031	63.75097656	0.01450014
5.05957031	63.75097656	-0.08920289
6.05957031	63.75097656	-0.15749979
7.05957031	63.75097656	-0.14249992
8.05957031	63.75097656	-0.12449980
9.05957031	63.75097656	-0.11349964
10.05957031	63.75097656	-0.09749985
11.05957031	63.75097656	-0.08849955
12.05957031	63.75097656	-0.08149958
13.05957031	63.75097656	-0.08149958
14.05957031	63.75097656	-0.08949995
15.05957031	63.75097656	-0.09749985
16.05957031	63.75097656	-0.11249971
17.05957031	63.75097656	-0.12349987
18.05957031	63.75097656	-0.14149952
19.05957031	63.75097656	-0.15849972
20.05957031	63.75097656	-0.16649961
21.05957031	63.75097656	0.00150013
22.05957031	63.75097656	0.01750040
23.05957031	63.75097656	0.01950026
24.05957031	63.75097656	0.04160874
25.05957031	63.75097656	0.04123591
26.05957031	63.75097656	0.04617426
27.05957031	63.75097656	0.04115844
28.05957031	63.75097656	0.04501260
-29.94042969	64.75097656	0.03550984
-28.94042969	64.75097656	0.03569257
-27.94042969	64.75097656	0.03389928
-26.94042969	64.75097656	0.03390007
-25.94042969	64.75097656	0.03299859
-24.94042969	64.75097656	0.03297465
-23.94042969	64.75097656	0.03257638
-22.94042969	64.75097656	0.03255616
-21.94042969	64.75097656	0.03238738
-20.94042969	64.75097656	0.03237421
-19.94042969	64.75097656	0.03230378
-18.94042969	64.75097656	0.03229584
-17.94042969	64.75097656	0.03226556
-16.94042969	64.75097656	0.03226054
-15.94042969	64.75097656	0.03224531
-14.94042969	64.75097656	0.03224102
-13.94042969	64.75097656	0.03223155
-12.94042969	64.75097656	0.03222736
-11.94042969	64.75097656	0.03222063
-10.94042969	64.75097656	0.03096303
-9.94042969	64.75097656	0.03095738
-8.94042969	64.75097656	0.03164201
-7.94042969	64.75097656	0.03163178
-6.94042969	64.75097656	0.03228722
-5.94042969	64.75097656	0.03232444
-4.94042969	64.75097656	0.03228147
-3.94042969	64.75097656	0.03221052
-2.94042969	64.75097656	0.03192401
-1.94042969	64.75097656	0.03203603
-0.94042969	64.75097656	0.03434652
0.05957031	64.75097656	0.02664642
1.05957031	64.75097656	0.03143520
2.05957031	64.75097656	0.04029111
3.05957031	64.75097656	0.03350019
4.05957031	64.75097656	0.02450037
5.05957031	64.75097656	-0.09310481
6.05957031	64.75097656	-0.14949989
7.05957031	64.75097656	-0.14249992
8.05957031	64.75097656	-0.12549973
9.05957031	64.75097656	-0.11749983
10.05957031	64.75097656	-0.09949970
11.05957031	64.75097656	-0.09049988
12.05957031	64.75097656	-0.08049965
13.05957031	64.75097656	-0.07749987
14.05957031	64.75097656	-0.08849955
15.05957031	64.75097656	-0.09449959
16.05957031	64.75097656	-0.10549974
17.05957031	64.75097656	-0.12349987
18.05957031	64.75097656	-0.13749981
19.05957031	64.75097656	-0.15949965
20.05957031	64.75097656	-0.17449951
21.05957031	64.75097656	-0.00793691
22.05957031	64.75097656	0.00650024
23.05957031	64.75097656	0.02150011
24.05957031	64.75097656	0.01450014
25.05957031	64.75097656	0.02850008
26.05957031	64.75097656	0.02850008
27.05957031	64.75097656	0.02850008
28.05957031	64.75097656	0.02850008
-29.94042969	65.75097656	0.02110430
-28.94042969	65.75097656	0.02032660
-27.94042969	65.75097656	0.02284142
-26.94042969	65.75097656	0.02212093
-25.94042969	65.75097656	0.02295839
-24.94042969	65.75097656	0.02256500
-23.94042969	65.75097656	0.02274946
-22.94042969	65.75097656	0.02255365
-21.94042969	65.75097656	0.02256806
-20.94042969	65.75097656	0.02246970
-19.94042969	65.75097656	0.02241956
-18.94042969	65.75097656	0.02236692
-17.94042969	65.75097656	0.02227486
-16.94042969	65.75097656	0.02221947
-15.94042969	65.75097656	0.02213827
-14.94042969	65.75097656	0.02206126
-13.94042969	65.75097656	0.02206004
-12.94042969	65.75097656	0.02198790
-11.94042969	65.75097656	0.02205724
-10.94042969	65.75097656	0.02200151
-9.94042969	65.75097656	0.02210665
-8.94042969	65.75097656	0.02207442
-7.94042969	65.75097656	0.02216736
-6.94042969	65.75097656	0.02214153
-5.94042969	65.75097656	0.02220684
-4.94042969	65.75097656	0.02217015
-3.94042969	65.75097656	0.02225196
-2.94042969	65.75097656	0.02214072
-1.94042969	65.75097656	0.02224840
-0.94042969	65.75097656	0.02253299
0.05957031	65.75097656	0.02166025
1.05957031	65.75097656	0.02410929
2.05957031	65.75097656	0.03957408
3.05957031	65.75097656	0.04250050
4.05957031	65.75097656	0.05350018
5.05957031	65.75097656	-0.05807093
6.05957031	65.75097656	-0.08622350
7.05957031	65.75097656	-0.08922426
8.05957031	65.75097656	-0.13149977
9.05957031	65.75097656	-0.11549950
10.05957031	65.75097656	-0.10349989
11.05957031	65.75097656	-0.09149981
12.05957031	65.75097656	-0.08049965
13.05957031	65.75097656	-0.07449961
14.05957031	65.75097656	-0.08149958
15.05957031	65.75097656	-0.09049988
16.05957031	65.75097656	-0.10649967
17.05957031	65.75097656	-0.12449980
18.05957031	65.75097656	-0.14549971
19.05957031	65.75097656	-0.15449953
20.05957031	65.75097656	-0.17249966
21.05957031	65.75097656	-0.03549957
22.05957031	65.75097656	0.00550032
23.05957031	65.75097656	0.01550007
24.05957031	65.75097656	0.03150034
25.05957031	65.75097656	0.02437056
26.05957031	65.75097656	0.02613329
27.05957031	65.75097656	0.02311570
28.05957031	65.75097656	0.02550267
-29.94042969	66.75097656	0.01333343
-28.94042969	66.75097656	0.01263450
-27.94042969	66.75097656	0.01112883
-26.94042969	66.75097656	0.01110864
-25.94042969	66.75097656	0.01108713
-24.94042969	66.75097656	0.01108267
-23.94042969	66.75097656	0.01107582
-22.94042969	66.75097656	0.01107359
-21.94042969	66.75097656	0.01107087
-20.94042969	66.75097656	0.01106870
-19.94042969	66.75097656	0.01106686
-18.94042969	66.75097656	0.01106460
-17.94042969	66.75097656	0.01106243
-16.94042969	66.75097656	0.01106145
-15.94042969	66.75097656	0.01105995
-14.94042969	66.75097656	0.01106029
-13.94042969	66.75097656	0.01105924
-12.94042969	66.75097656	0.01106072
-11.94042969	66.75097656	0.01106045
-10.94042969	66.75097656	0.01106214
-9.94042969	66.75097656	0.01106200
-8.94042969	66.75097656	0.01106330
-7.94042969	66.75097656	0.01106285
-6.94042969	66.75097656	0.01106397
-5.94042969	66.75097656	0.01106354
-4.94042969	66.75097656	0.01106468
-3.94042969	66.75097656	0.01106327
-2.94042969	66.75097656	0.01106274
-1.94042969	66.75097656	0.01106720
-0.94042969	66.75097656	0.01104826
0.05957031	66.75097656	0.01104073
1.05957031	66.75097656	0.01116957
2.05957031	66.75097656	0.02936580
3.05957031	66.75097656	0.02204025
4.05957031	66.75097656	0.04850006
5.05957031	66.75097656	-0.09438520
6.05957031	66.75097656	0.00650024
7.05957031	66.75097656	-0.14649963
8.05957031	66.75097656	-0.13549995
9.05957031	66.75097656	-0.11949968
10.05957031	66.75097656	-0.10249996
11.05957031	66.75097656	-0.09649992
12.05957031	66.75097656	-0.07949972
13.05957031	66.75097656	-0.07449961
14.05957031	66.75097656	-0.08149958
15.05957031	66.75097656	-0.09249973
16.05957031	66.75097656	-0.10749960
17.05957031	66.75097656	-0.12349987
18.05957031	66.75097656	-0.14149952
19.05957031	66.75097656	-0.14949989
20.05957031	66.75097656	-0.16649961
21.05957031	66.75097656	-0.01149988
22.05957031	66.75097656	0.00250006
23.05957031	66.75097656	0.01050043
24.05957031	66.75097656	0.00550032
25.05957031	66.75097656	0.02365154
26.05957031	66.75097656	0.02680343
27.05957031	66.75097656	0.02891165
28.05957031	66.75097656	0.03048258
-29.94042969	67.75097656	0.01250369
-28.94042969	67.75097656	0.01110836
-27.94042969	67.75097656	0.01112143
-26.94042969	67.75097656	0.01109988
-25.94042969	67.75097656	0.01110576
-24.94042969	67.75097656	0.01109488
-23.94042969	67.75097656	0.01109216
-22.94042969	67.75097656	0.01108706
-21.94042969	67.75097656	0.01107892
-20.94042969	67.75097656	0.01107422
-19.94042969	67.75097656	0.01106485
-18.94042969	67.75097656	0.01105672
-17.94042969	67.75097656	0.01105586
-16.94042969	67.75097656	0.01104912
-15.94042969	67.75097656	0.01105426
-14.94042969	67.75097656	0.01104845
-13.94042969	67.75097656	0.01105803
-12.94042969	67.75097656	0.01105525
-11.94042969	67.75097656	0.01106395
-10.94042969	67.75097656	0.01106184
-9.94042969	67.75097656	0.01106793
-8.94042969	67.75097656	0.01106511
-7.94042969	67.75097656	0.01107116
-6.94042969	67.75097656	0.01106884
-5.94042969	67.75097656	0.01107482
-4.94042969	67.75097656	0.01107265
-3.94042969	67.75097656	0.01108092
-2.94042969	67.75097656	0.01109575
-1.94042969	67.75097656	0.01108692
-0.94042969	67.75097656	0.01108081
0.05957031	67.75097656	0.01110240
1.05957031	67.75097656	0.01101229
2.05957031	67.75097656	0.01163240
3.05957031	67.75097656	0.02050018
4.05957031	67.75097656	0.04350042
5.05957031	67.75097656	0.02062194
6.05957031	67.75097656	-0.10008250
7.05957031	67.75097656	-0.13772588
8.05957031	67.75097656	-0.13949966
9.05957031	67.75097656	-0.12249994
10.05957031	67.75097656	-0.10949993
11.05957031	67.75097656	-0.10249996
12.05957031	67.75097656	-0.08949995
13.05957031	67.75097656	-0.07749987
14.05957031	67.75097656	-0.08249950
15.05957031	67.75097656	-0.09049988
16.05957031	67.75097656	-0.09949970
17.05957031	67.75097656	-0.11649990
18.05957031	67.75097656	-0.13749981
19.05957031	67.75097656	-0.14149952
20.05957031	67.75097656	-0.15949965
21.05957031	67.75097656	-0.01649952
22.05957031	67.75097656	0.00450039
23.05957031	67.75097656	0.02250004
24.05957031	67.75097656	0.02350044
25.05957031	67.75097656	0.02421452
26.05957031	67.75097656	0.02763868
27.05957031	67.75097656	0.02570154
28.05957031	67.75097656	0.02784362
-29.94042969	68.75097656	0.01050043
-28.94042969	68.75097656	0.01050043
-27.94042969	68.75097656	0.01050043
-26.94042969	68.75097656	0.01050043
-25.94042969	68.75097656	0.01050043
-24.94042969	68.75097656	0.01050043
-23.94042969	68.75097656	0.01050043
-22.94042969	68.75097656	0.01050043
-21.94042969	68.75097656	0.01050043
-20.94042969	68.75097656	0.01050043
-19.94042969	68.75097656	0.01050043
-18.94042969	68.75097656	0.01050043
-17.94042969	68.75097656	0.01050043
-16.94042969	68.75097656	0.01050043
-15.94042969	68.75097656	0.01050043
-14.94042969	68.75097656	0.01050043
-13.94042969	68.75097656	0.01050043
-12.94042969	68.75097656	0.01050043
-11.94042969	68.75097656	0.01050043
-10.94042969	68.75097656	0.01050043
-9.94042969	68.75097656	0.01050043
-8.94042969	68.75097656	0.01050043
-7.94042969	68.75097656	0.01050043
-6.94042969	68.75097656	0.01050043
-5.94042969	68.75097656	0.01050043
-4.94042969	68.75097656	0.01050043
-3.94042969	68.75097656	0.01050043
-2.94042969	68.75097656	0.01050043
-1.94042969	68.75097656	0.01050043
-0.94042969	68.75097656	0.01050043
0.05957031	68.75097656	0.01050043
1.05957031	68.75097656	0.01050043
2.05957031	68.75097656	0.01050043
3.05957031	68.75097656	0.01050043
4.05957031	68.75097656	0.03850031
5.05957031	68.75097656	0.02650023
6.05957031	68.75097656	-0.13853673
7.05957031	68.75097656	-0.15449953
8.05957031	68.75097656	-0.14549971
9.05957031	68.75097656	-0.12749958
10.05957031	68.75097656	-0.11549950
11.05957031	68.75097656	-0.10249996
12.05957031	68.75097656	-0.09249973
13.05957031	68.75097656	-0.08049965
14.05957031	68.75097656	-0.07849979
15.05957031	68.75097656	-0.08849955
16.05957031	68.75097656	-0.09849977
17.05957031	68.75097656	-0.11449957
18.05957031	68.75097656	-0.12349987
19.05957031	68.75097656	-0.14349985
20.05957031	68.75097656	-0.15849972
21.05957031	68.75097656	-0.16949987
22.05957031	68.75097656	0.00950050
23.05957031	68.75097656	0.01150036
24.05957031	68.75097656	0.02150011
25.05957031	68.75097656	0.03250027
26.05957031	68.75097656	0.03250027
27.05957031	68.75097656	0.03250027
28.05957031	68.75097656	0.03250027
-29.94042969	69.75097656	0.01291068
-28.94042969	69.75097656	0.01126912
-27.94042969	69.75097656	0.01127782
-26.94042969	69.75097656	0.01125249
-25.94042969	69.75097656	0.01125490
-24.94042969	69.75097656	0.01124173
-23.94042969	69.75097656	0.01123856
-22.94042969	69.75097656	0.01123149
-21.94042969	69.75097656	0.01122366
-20.94042969	69.75097656	0.01121972
-19.94042969	69.75097656	0.01120696
-18.94042969	69.75097656	0.01120043
-17.94042969	69.75097656	0.01119069
-16.94042969	69.75097656	0.01118003
-15.94042969	69.75097656	0.01118345
-14.94042969	69.75097656	0.01117459
-13.94042969	69.75097656	0.01118625
-12.94042969	69.75097656	0.01117972
-11.94042969	69.75097656	0.01119458
-10.94042969	69.75097656	0.01119141
-9.94042969	69.75097656	0.01120270
-8.94042969	69.75097656	0.01119962
-7.94042969	69.75097656	0.01120721
-6.94042969	69.75097656	0.01120302
-5.94042969	69.75097656	0.01121120
-4.94042969	69.75097656	0.01120750
-3.94042969	69.75097656	0.01121598
-2.94042969	69.75097656	0.01121712
-1.94042969	69.75097656	0.01121453
-0.94042969	69.75097656	0.01124404
0.05957031	69.75097656	0.01127424
1.05957031	69.75097656	0.01101897
2.05957031	69.75097656	0.01177121
3.05957031	69.75097656	0.02934042
4.05957031	69.75097656	0.04850006
5.05957031	69.75097656	0.03750038
6.05957031	69.75097656	-0.12455033
7.05957031	69.75097656	-0.02049971
8.05957031	69.75097656	-0.13312134
9.05957031	69.75097656	-0.12449980
10.05957031	69.75097656	-0.12149954
11.05957031	69.75097656	-0.10549974
12.05957031	69.75097656	-0.09649992
13.05957031	69.75097656	-0.08349991
14.05957031	69.75097656	-0.07549953
15.05957031	69.75097656	-0.08549976
16.05957031	69.75097656	-0.08349991
17.05957031	69.75097656	-0.10849953
18.05957031	69.75097656	-0.12349987
19.05957031	69.75097656	-0.13749981
20.05957031	69.75097656	-0.15549994
21.05957031	69.75097656	-0.17349958
22.05957031	69.75097656	0.00250006
23.05957031	69.75097656	0.01050043
24.05957031	69.75097656	0.01450014
25.05957031	69.75097656	0.02438228
26.05957031	69.75097656	0.02666707
27.05957031	69.75097656	0.02291710
28.05957031	69.75097656	0.02814287
-29.94042969	70.75097656	0.07450008
-28.94042969	70.75097656	0.07450008
-27.94042969	70.75097656	0.07450008
-26.94042969	70.75097656	0.07450008
-25.94042969	70.75097656	0.07450008
-24.94042969	70.75097656	0.07450008
-23.94042969	70.75097656	0.07450008
-22.94042969	70.75097656	0.07450008
-21.94042969	70.75097656	0.07450008
-20.94042969	70.75097656	0.07450008
-19.94042969	70.75097656	0.07450008
-18.94042969	70.75097656	0.07450008
-17.94042969	70.75097656	0.07450008
-16.94042969	70.75097656	0.07450008
-15.94042969	70.75097656	0.07450008
-14.94042969	70.75097656	0.07450008
-13.94042969	70.75097656	0.07450008
-12.94042969	70.75097656	0.07450008
-11.94042969	70.75097656	0.07450008
-10.94042969	70.75097656	0.07450008
-9.94042969	70.75097656	0.07450008
-8.94042969	70.75097656	0.07450008
-7.94042969	70.75097656	0.07450008
-6.94042969	70.75097656	0.07450008
-5.94042969	70.75097656	0.07450008
-4.94042969	70.75097656	0.07450008
-3.94042969	70.75097656	0.07450008
-2.94042969	70.75097656	0.07450008
-1.94042969	70.75097656	0.07450008
-0.94042969	70.75097656	0.07450008
0.05957031	70.75097656	0.07450008
1.05957031	70.75097656	0.07450008
2.05957031	70.75097656	0.07450008
3.05957031	70.75097656	0.07450008
4.05957031	70.75097656	0.04950047
5.05957031	70.75097656	-0.09416337
6.05957031	70.75097656	0.02750015
7.05957031	70.75097656	-0.12038169
8.05957031	70.75097656	-0.12138118
9.05957031	70.75097656	-0.13949966
10.05957031	70.75097656	-0.12549973
11.05957031	70.75097656	-0.11049986
12.05957031	70.75097656	-0.09649992
13.05957031	70.75097656	-0.08549976
14.05957031	70.75097656	-0.07249975
15.05957031	70.75097656	-0.07949972
16.05957031	70.75097656	-0.09249973
17.05957031	70.75097656	-0.10349989
18.05957031	70.75097656	-0.11849976
19.05957031	70.75097656	-0.13249969
20.05957031	70.75097656	-0.14949989
21.05957031	70.75097656	-0.16149950
22.05957031	70.75097656	-0.02549982
23.05957031	70.75097656	0.00150013
24.05957031	70.75097656	0.01150036
25.05957031	70.75097656	0.00450039
26.05957031	70.75097656	0.05050039
27.05957031	70.75097656	0.05050039
28.05957031	70.75097656	0.05050039
-29.94042969	71.75097656	0.02289932
-28.94042969	71.75097656	0.02260773
-27.94042969	71.75097656	0.02183051
-26.94042969	71.75097656	0.02182659
-25.94042969	71.75097656	0.02181306
-24.94042969	71.75097656	0.02180901
-23.94042969	71.75097656	0.02180220
-22.94042969	71.75097656	0.02179595
-21.94042969	71.75097656	0.02178725
-20.94042969	71.75097656	0.02177473
-19.94042969	71.75097656	0.02175484
-18.94042969	71.75097656	0.02170123
-17.94042969	71.75097656	0.02164736
-16.94042969	71.75097656	0.02165180
-15.94042969	71.75097656	0.02158464
-14.94042969	71.75097656	0.02156529
-13.94042969	71.75097656	0.02155289
-12.94042969	71.75097656	0.02147506
-11.94042969	71.75097656	0.02156555
-10.94042969	71.75097656	0.02156006
-9.94042969	71.75097656	0.02165029
-8.94042969	71.75097656	0.02158377
-7.94042969	71.75097656	0.02170330
-6.94042969	71.75097656	0.02167718
-5.94042969	71.75097656	0.02173112
-4.94042969	71.75097656	0.02170509
-3.94042969	71.75097656	0.02173540
-2.94042969	71.75097656	0.02166838
-1.94042969	71.75097656	0.02174884
-0.94042969	71.75097656	0.02173735
0.05957031	71.75097656	0.02178952
1.05957031	71.75097656	0.02179120
2.05957031	71.75097656	0.02190313
3.05957031	71.75097656	0.02954969
4.05957031	71.75097656	0.03750038
5.05957031	71.75097656	0.01124964
6.05957031	71.75097656	-0.09697659
7.05957031	71.75097656	0.05150032
8.05957031	71.75097656	-0.15349960
9.05957031	71.75097656	-0.14049959
10.05957031	71.75097656	-0.12549973
11.05957031	71.75097656	-0.10749960
12.05957031	71.75097656	-0.09749985
13.05957031	71.75097656	-0.08349991
14.05957031	71.75097656	-0.07649994
15.05957031	71.75097656	-0.07849979
16.05957031	71.75097656	-0.08649969
17.05957031	71.75097656	-0.10049963
18.05957031	71.75097656	-0.11549950
19.05957031	71.75097656	-0.13149977
20.05957031	71.75097656	-0.14749956
21.05957031	71.75097656	-0.15849972
22.05957031	71.75097656	-0.02149963
23.05957031	71.75097656	-0.00149965
24.05957031	71.75097656	0.01050043
25.05957031	71.75097656	0.01550007
26.05957031	71.75097656	0.02158136
27.05957031	71.75097656	0.01638177
28.05957031	71.75097656	0.02248154
-29.94042969	72.75097656	0.02220283
-28.94042969	72.75097656	0.02188311
-27.94042969	72.75097656	0.02198776
-26.94042969	72.75097656	0.02186652
-25.94042969	72.75097656	0.02190400
-24.94042969	72.75097656	0.02185346
-23.94042969	72.75097656	0.02185983
-22.94042969	72.75097656	0.02181379
-21.94042969	72.75097656	0.02179322
-20.94042969	72.75097656	0.02044419
-19.94042969	72.75097656	0.01897136
-18.94042969	72.75097656	0.01225302
-17.94042969	72.75097656	0.01165371
-16.94042969	72.75097656	0.00058876
-15.94042969	72.75097656	0.01468955
-14.94042969	72.75097656	-0.01818250
-13.94042969	72.75097656	-0.04072956
-12.94042969	72.75097656	-0.00662765
-11.94042969	72.75097656	-0.01281690
-10.94042969	72.75097656	0.00331389
-9.94042969	72.75097656	-0.01369523
-8.94042969	72.75097656	0.01283465
-7.94042969	72.75097656	0.00723508
-6.94042969	72.75097656	0.01774033
-5.94042969	72.75097656	0.01591733
-4.94042969	72.75097656	0.01106497
-3.94042969	72.75097656	0.00103658
-2.94042969	72.75097656	0.01487809
-1.94042969	72.75097656	0.01065289
-0.94042969	72.75097656	0.01671086
0.05957031	72.75097656	0.01045760
1.05957031	72.75097656	0.01967229
2.05957031	72.75097656	0.01867467
3.05957031	72.75097656	0.02893885
4.05957031	72.75097656	0.02450037
5.05957031	72.75097656	0.03450012
6.05957031	72.75097656	0.02250004
7.05957031	72.75097656	0.00350046
8.05957031	72.75097656	-0.15649986
9.05957031	72.75097656	-0.14449978
10.05957031	72.75097656	-0.12349987
11.05957031	72.75097656	-0.11549950
12.05957031	72.75097656	-0.10049963
13.05957031	72.75097656	-0.08749962
14.05957031	72.75097656	-0.07549953
15.05957031	72.75097656	-0.07549953
16.05957031	72.75097656	-0.08349991
17.05957031	72.75097656	-0.09449959
18.05957031	72.75097656	-0.11049986
19.05957031	72.75097656	-0.13149977
20.05957031	72.75097656	-0.13649988
21.05957031	72.75097656	-0.15749979
22.05957031	72.75097656	0.00050020
23.05957031	72.75097656	-0.00349951
24.05957031	72.75097656	0.01150036
25.05957031	72.75097656	0.00750017
26.05957031	72.75097656	0.01474160
27.05957031	72.75097656	0.01377308
28.05957031	72.75097656	0.01957218
-29.94042969	73.75097656	0.02150011
-28.94042969	73.75097656	0.02150011
-27.94042969	73.75097656	0.02150011
-26.94042969	73.75097656	0.02150011
-25.94042969	73.75097656	0.02150011
-24.94042969	73.75097656	0.02150011
-23.94042969	73.75097656	0.02150011
-22.94042969	73.75097656	0.02150011
-21.94042969	73.75097656	0.02150011
-20.94042969	73.75097656	0.02150011
-19.94042969	73.75097656	0.02150011
-18.94042969	73.75097656	0.02150011
-17.94042969	73.75097656	0.02150011
-16.94042969	73.75097656	0.02150011
-15.94042969	73.75097656	0.02150011
-14.94042969	73.75097656	0.02150011
-13.94042969	73.75097656	0.02150011
-12.94042969	73.75097656	0.02150011
-11.94042969	73.75097656	0.02150011
-10.94042969	73.75097656	0.02150011
-9.94042969	73.75097656	0.02150011
-8.94042969	73.75097656	0.02150011
-7.94042969	73.75097656	0.02150011
-6.94042969	73.75097656	0.02150011
-5.94042969	73.75097656	0.02150011
-4.94042969	73.75097656	0.02150011
-3.94042969	73.75097656	0.02150011
-2.94042969	73.75097656	0.02150011
-1.94042969	73.75097656	0.02150011
-0.94042969	73.75097656	0.02150011
0.05957031	73.75097656	0.02150011
1.05957031	73.75097656	0.02150011
2.05957031	73.75097656	0.02150011
3.05957031	73.75097656	0.02150011
4.05957031	73.75097656	0.02150011
5.05957031	73.75097656	0.03350019
6.05957031	73.75097656	0.01750040
7.05957031	73.75097656	0.00150013
8.05957031	73.75097656	-0.15649986
9.05957031	73.75097656	-0.14749956
10.05957031	73.75097656	-0.12949991
11.05957031	73.75097656	-0.11749983
12.05957031	73.75097656	-0.10349989
13.05957031	73.75097656	-0.08849955
14.05957031	73.75097656	-0.07949972
15.05957031	73.75097656	-0.07149982
16.05957031	73.75097656	-0.08349991
17.05957031	73.75097656	-0.09049988
18.05957031	73.75097656	-0.10849953
19.05957031	73.75097656	-0.12649965
20.05957031	73.75097656	-0.13949966
21.05957031	73.75097656	-0.15749979
22.05957031	73.75097656	-0.17449951
23.05957031	73.75097656	0.00550032
24.05957031	73.75097656	0.00850010
25.05957031	73.75097656	0.01050043
26.05957031	73.75097656	0.01427439
27.05957031	73.75097656	0.02111136
28.05957031	73.75097656	0.01932216
-29.94042969	74.75097656	0.02205727
-28.94042969	74.75097656	0.02187143
-27.94042969	74.75097656	0.02192313
-26.94042969	74.75097656	0.02185612
-25.94042969	74.75097656	0.02187352
-24.94042969	74.75097656	0.02184426
-23.94042969	74.75097656	0.02184356
-22.94042969	74.75097656	0.02181052
-21.94042969	74.75097656	0.02176787
-20.94042969	74.75097656	0.02102288
-19.94042969	74.75097656	0.01841985
-18.94042969	74.75097656	0.01031246
-17.94042969	74.75097656	0.01750040
-16.94042969	74.75097656	0.00750017
-15.94042969	74.75097656	0.00841857
-14.94042969	74.75097656	-0.00549984
-13.94042969	74.75097656	-0.05004364
-12.94042969	74.75097656	-0.02498604
-11.94042969	74.75097656	-0.06949949
-10.94042969	74.75097656	0.00826456
-9.94042969	74.75097656	0.00135693
-8.94042969	74.75097656	0.01598808
-7.94042969	74.75097656	0.01345011
-6.94042969	74.75097656	0.01920264
-5.94042969	74.75097656	0.01834893
-4.94042969	74.75097656	0.01588568
-3.94042969	74.75097656	-0.00116716
-2.94042969	74.75097656	0.00793650
-1.94042969	74.75097656	-0.00749969
-0.94042969	74.75097656	0.01795423
0.05957031	74.75097656	0.01525448
1.05957031	74.75097656	0.02035140
2.05957031	74.75097656	0.02143644
3.05957031	74.75097656	0.03063856
4.05957031	74.75097656	0.02150011
5.05957031	74.75097656	0.03350019
6.05957031	74.75097656	0.01750040
7.05957031	74.75097656	0.00150013
8.05957031	74.75097656	-0.15649986
9.05957031	74.75097656	-0.14749956
10.05957031	74.75097656	-0.12949991
11.05957031	74.75097656	-0.11749983
12.05957031	74.75097656	-0.10349989
13.05957031	74.75097656	-0.08849955
14.05957031	74.75097656	-0.07949972
15.05957031	74.75097656	-0.07149982
16.05957031	74.75097656	-0.08349991
17.05957031	74.75097656	-0.09049988
18.05957031	74.75097656	-0.10849953
19.05957031	74.75097656	-0.12649965
20.05957031	74.75097656	-0.13949966
21.05957031	74.75097656	-0.15749979
22.05957031	74.75097656	-0.17449951
23.05957031	74.75097656	0.00550032
24.05957031	74.75097656	0.00850010
25.05957031	74.75097656	0.01050043
26.05957031	74.75097656	0.01822266
27.05957031	74.75097656	0.01722230
28.05957031	74.75097656	0.01936710
